-- Create Student table
-- DROP TABLE IF EXISTS Student;
CREATE TABLE Student (
    StudentID INTEGER PRIMARY KEY,
    Name TEXT
);

-- Create Course table
-- DROP TABLE IF EXISTS Course;
CREATE TABLE Course (
    CourseID INTEGER PRIMARY KEY,
    Name TEXT,
    Professor TEXT
);

-- Create Student Courses table with foreign key reference to Student table
-- DROP TABLE IF EXISTS StudentCourses;
CREATE TABLE StudentCourses (
    StudentID INTEGER,
    CourseID INTEGER,
    FOREIGN KEY (StudentID) REFERENCES Student(StudentID),
    FOREIGN KEY (CourseID) REFERENCES Course(CourseID),
    PRIMARY KEY (StudentID, CourseID)
);

-- Create Course Gradable table
-- DROP TABLE IF EXISTS CourseGradeables;
CREATE TABLE CourseGradeables (
    AssignmentID INTEGER PRIMARY KEY,
    CourseID INTEGER,
    AssignmentType TEXT CHECK (AssignmentType IN ('test', 'quiz', 'essay', 'presentation', 'assignment')),
    DueDate DATE,
    FOREIGN KEY (CourseID) REFERENCES Course(CourseID)
);

-- Create Student Performance table with foreign key references to Student, Course Gradable tables
-- DROP TABLE IF EXISTS StudentPerformance;
CREATE TABLE StudentPerformance (
    StudentID INTEGER,
    AssignmentID INTEGER,
    TimeItTook INTEGER,
    TimeManagementFeedback TEXT CHECK (TimeManagementFeedback IN ('too much', 'too little', 'just enough')),
    Grade INTEGER,
    FOREIGN KEY (StudentID) REFERENCES Student(StudentID),
    FOREIGN KEY (AssignmentID) REFERENCES CourseGradeables(AssignmentID),
    PRIMARY KEY (StudentID, AssignmentID)
);

CREATE TABLE Predictions (
    StudentID INTEGER,
    AssignmentID INTEGER,
    Prediction INTEGER, -- Minutes
    DaysInFuture INTEGER, -- Suggested date to do
    PRIMARY KEY (StudentID, AssignmentID),
    FOREIGN KEY (StudentID) REFERENCES Student(StudentID),
    FOREIGN KEY (AssignmentID) REFERENCES CourseGradeables(AssignmentID)
);

-- Generate Course Data
INSERT INTO Course VALUES(2000,'Intro to Computers','Professor Smith');
INSERT INTO Course VALUES(2001,'Impacts of AI','Professor Davis');
INSERT INTO Course VALUES(2002,'AI Architecture','Professor Beaglesnop');
INSERT INTO Course VALUES(2003,'Ethics of AI','Professor Gumdrop');
INSERT INTO Course VALUES(2004,'English II','Professor X');

-- GENERATE RANDOM Student DATA
INSERT INTO Student VALUES(1000,'Adalberto');
INSERT INTO Student VALUES(1001,'Floyd');
INSERT INTO Student VALUES(1002,'Lilia');
INSERT INTO Student VALUES(1003,'Renaldo');
INSERT INTO Student VALUES(1004,'Marina');
INSERT INTO Student VALUES(1005,'Demetria');
INSERT INTO Student VALUES(1006,'Janelle');
INSERT INTO Student VALUES(1007,'Bradley');
INSERT INTO Student VALUES(1008,'Mackenzie');
INSERT INTO Student VALUES(1009,'Santiago');
INSERT INTO Student VALUES(1010,'Shawn');
INSERT INTO Student VALUES(1011,'Lynnette');
INSERT INTO Student VALUES(1012,'Merrill');
INSERT INTO Student VALUES(1013,'Carina');
INSERT INTO Student VALUES(1014,'Julian');
INSERT INTO Student VALUES(1015,'Suzanne');
INSERT INTO Student VALUES(1016,'Johnathan');
INSERT INTO Student VALUES(1017,'Latoya');
INSERT INTO Student VALUES(1018,'Adrian');
INSERT INTO Student VALUES(1019,'Jennie');
INSERT INTO Student VALUES(1020,'Jean');
INSERT INTO Student VALUES(1021,'Luther');
INSERT INTO Student VALUES(1022,'Irvin');
INSERT INTO Student VALUES(1023,'Kenya');
INSERT INTO Student VALUES(1024,'Jeannie');
INSERT INTO Student VALUES(1025,'Rusty');
INSERT INTO Student VALUES(1026,'Lynne');
INSERT INTO Student VALUES(1027,'Clifton');
INSERT INTO Student VALUES(1028,'Stephany');
INSERT INTO Student VALUES(1029,'Hollie');
INSERT INTO Student VALUES(1030,'Wiley');
INSERT INTO Student VALUES(1031,'Cheri');
INSERT INTO Student VALUES(1032,'Rodrick');
INSERT INTO Student VALUES(1033,'Keri');
INSERT INTO Student VALUES(1034,'Danny');
INSERT INTO Student VALUES(1035,'Shayla');
INSERT INTO Student VALUES(1036,'Rudy');
INSERT INTO Student VALUES(1037,'Shanika');
INSERT INTO Student VALUES(1038,'Graham');
INSERT INTO Student VALUES(1039,'Tamera');
INSERT INTO Student VALUES(1040,'Elmer');
INSERT INTO Student VALUES(1041,'Rosanne');
INSERT INTO Student VALUES(1042,'Lonny');
INSERT INTO Student VALUES(1043,'Roxie');
INSERT INTO Student VALUES(1044,'Ariel');
INSERT INTO Student VALUES(1045,'Ebony');
INSERT INTO Student VALUES(1046,'Wilmer');
INSERT INTO Student VALUES(1047,'Marquita');
INSERT INTO Student VALUES(1048,'Fletcher');
INSERT INTO Student VALUES(1049,'Rae');
INSERT INTO Student VALUES(1050,'Lawerence');
INSERT INTO Student VALUES(1051,'Maryellen');
INSERT INTO Student VALUES(1052,'Heriberto');
INSERT INTO Student VALUES(1053,'Irma');
INSERT INTO Student VALUES(1054,'Myron');
INSERT INTO Student VALUES(1055,'Carolina');
INSERT INTO Student VALUES(1056,'Herman');
INSERT INTO Student VALUES(1057,'Annmarie');
INSERT INTO Student VALUES(1058,'Brooks');
INSERT INTO Student VALUES(1059,'Trisha');
INSERT INTO Student VALUES(1060,'Stanton');
INSERT INTO Student VALUES(1061,'Loretta');
INSERT INTO Student VALUES(1062,'Foster');
INSERT INTO Student VALUES(1063,'Deidre');
INSERT INTO Student VALUES(1064,'Olen');
INSERT INTO Student VALUES(1065,'Lynnette');
INSERT INTO Student VALUES(1066,'Lucio');
INSERT INTO Student VALUES(1067,'Shelley');
INSERT INTO Student VALUES(1068,'Kurtis');
INSERT INTO Student VALUES(1069,'Deidra');
INSERT INTO Student VALUES(1070,'Ezra');
INSERT INTO Student VALUES(1071,'Madeleine');
INSERT INTO Student VALUES(1072,'Loren');
INSERT INTO Student VALUES(1073,'Luella');
INSERT INTO Student VALUES(1074,'Norris');
INSERT INTO Student VALUES(1075,'Geneva');
INSERT INTO Student VALUES(1076,'Brice');
INSERT INTO Student VALUES(1077,'Sheri');
INSERT INTO Student VALUES(1078,'Quentin');
INSERT INTO Student VALUES(1079,'Minerva');
INSERT INTO Student VALUES(1080,'Virgil');
INSERT INTO Student VALUES(1081,'Althea');
INSERT INTO Student VALUES(1082,'Lamar');
INSERT INTO Student VALUES(1083,'Francesca');
INSERT INTO Student VALUES(1084,'Jerald');
INSERT INTO Student VALUES(1085,'Alecia');
INSERT INTO Student VALUES(1086,'Dane');
INSERT INTO Student VALUES(1087,'Alycia');
INSERT INTO Student VALUES(1088,'Jerrod');
INSERT INTO Student VALUES(1089,'Jannie');
INSERT INTO Student VALUES(1090,'Lowell');
INSERT INTO Student VALUES(1091,'Margarita');
INSERT INTO Student VALUES(1092,'Lyle');
INSERT INTO Student VALUES(1093,'Dorinda');
INSERT INTO Student VALUES(1094,'Rickey');
INSERT INTO Student VALUES(1095,'Karyn');
INSERT INTO Student VALUES(1096,'Arturo');
INSERT INTO Student VALUES(1097,'Shanda');
INSERT INTO Student VALUES(1098,'Jasper');
INSERT INTO Student VALUES(1099,'Charissa');

-- Course Gradable Generation
INSERT INTO CourseGradeables VALUES(3000,2000,'test','2024-03-30');
INSERT INTO CourseGradeables VALUES(3001,2001,'test','2024-03-31');
INSERT INTO CourseGradeables VALUES(3002,2002,'test','2024-04-01');
INSERT INTO CourseGradeables VALUES(3003,2003,'quiz','2024-04-02');
INSERT INTO CourseGradeables VALUES(3004,2004,'test','2024-04-03');
INSERT INTO CourseGradeables VALUES(3005,2000,'assignment','2024-04-04');
INSERT INTO CourseGradeables VALUES(3006,2001,'test','2024-04-05');
INSERT INTO CourseGradeables VALUES(3007,2002,'quiz','2024-04-06');
INSERT INTO CourseGradeables VALUES(3008,2003,'quiz','2024-04-07');
INSERT INTO CourseGradeables VALUES(3009,2004,'assignment','2024-04-08');
INSERT INTO CourseGradeables VALUES(3010,2000,'presentation','2024-04-09');
INSERT INTO CourseGradeables VALUES(3011,2001,'test','2024-04-10');
INSERT INTO CourseGradeables VALUES(3012,2002,'essay','2024-04-11');
INSERT INTO CourseGradeables VALUES(3013,2003,'presentation','2024-04-12');
INSERT INTO CourseGradeables VALUES(3014,2004,'quiz','2024-04-13');
INSERT INTO CourseGradeables VALUES(3015,2000,'test','2024-04-14');
INSERT INTO CourseGradeables VALUES(3016,2001,'presentation','2024-04-15');
INSERT INTO CourseGradeables VALUES(3017,2002,'assignment','2024-04-16');
INSERT INTO CourseGradeables VALUES(3018,2003,'test','2024-04-17');
INSERT INTO CourseGradeables VALUES(3019,2004,'quiz','2024-04-18');
INSERT INTO CourseGradeables VALUES(3020,2000,'essay','2024-04-19');
INSERT INTO CourseGradeables VALUES(3021,2001,'essay','2024-04-20');
INSERT INTO CourseGradeables VALUES(3022,2002,'assignment','2024-04-21');
INSERT INTO CourseGradeables VALUES(3023,2003,'assignment','2024-04-22');
INSERT INTO CourseGradeables VALUES(3024,2004,'assignment','2024-04-23');
INSERT INTO CourseGradeables VALUES(3025,2000,'assignment','2024-04-24');
INSERT INTO CourseGradeables VALUES(3026,2001,'presentation','2024-04-25');
INSERT INTO CourseGradeables VALUES(3027,2002,'presentation','2024-04-26');
INSERT INTO CourseGradeables VALUES(3028,2003,'essay','2024-04-27');
INSERT INTO CourseGradeables VALUES(3029,2004,'assignment','2024-04-28');
INSERT INTO CourseGradeables VALUES(3030,2000,'test','2024-04-29');
INSERT INTO CourseGradeables VALUES(3031,2001,'quiz','2024-04-30');
INSERT INTO CourseGradeables VALUES(3032,2002,'test','2024-05-01');
INSERT INTO CourseGradeables VALUES(3033,2003,'assignment','2024-05-02');
INSERT INTO CourseGradeables VALUES(3034,2004,'test','2024-05-03');
INSERT INTO CourseGradeables VALUES(3035,2000,'test','2024-05-04');
INSERT INTO CourseGradeables VALUES(3036,2001,'assignment','2024-05-05');
INSERT INTO CourseGradeables VALUES(3037,2002,'assignment','2024-05-06');
INSERT INTO CourseGradeables VALUES(3038,2003,'essay','2024-05-07');
INSERT INTO CourseGradeables VALUES(3039,2004,'assignment','2024-05-08');
INSERT INTO CourseGradeables VALUES(3040,2000,'essay','2024-05-09');
INSERT INTO CourseGradeables VALUES(3041,2001,'presentation','2024-05-10');
INSERT INTO CourseGradeables VALUES(3042,2002,'quiz','2024-05-11');
INSERT INTO CourseGradeables VALUES(3043,2003,'quiz','2024-05-12');
INSERT INTO CourseGradeables VALUES(3044,2004,'assignment','2024-05-13');
INSERT INTO CourseGradeables VALUES(3045,2000,'assignment','2024-05-14');
INSERT INTO CourseGradeables VALUES(3046,2001,'test','2024-05-15');
INSERT INTO CourseGradeables VALUES(3047,2002,'test','2024-05-16');
INSERT INTO CourseGradeables VALUES(3048,2003,'assignment','2024-05-17');
INSERT INTO CourseGradeables VALUES(3049,2004,'presentation','2024-05-18');
INSERT INTO CourseGradeables VALUES(3050,2000,'presentation','2024-05-19');
INSERT INTO CourseGradeables VALUES(3051,2001,'presentation','2024-05-20');
INSERT INTO CourseGradeables VALUES(3052,2002,'assignment','2024-05-21');
INSERT INTO CourseGradeables VALUES(3053,2003,'assignment','2024-05-22');
INSERT INTO CourseGradeables VALUES(3054,2004,'essay','2024-05-23');
INSERT INTO CourseGradeables VALUES(3055,2000,'test','2024-05-24');
INSERT INTO CourseGradeables VALUES(3056,2001,'presentation','2024-05-25');
INSERT INTO CourseGradeables VALUES(3057,2002,'assignment','2024-05-26');
INSERT INTO CourseGradeables VALUES(3058,2003,'assignment','2024-05-27');
INSERT INTO CourseGradeables VALUES(3059,2004,'assignment','2024-05-28');

-- Generate Student Performance Data
INSERT INTO StudentPerformance VALUES(1000,3037,6,'just enough',94);
INSERT INTO StudentPerformance VALUES(1000,3018,114,'too little',100);
INSERT INTO StudentPerformance VALUES(1000,3059,74,'just enough',95);
INSERT INTO StudentPerformance VALUES(1000,3041,200,'too much',83);
INSERT INTO StudentPerformance VALUES(1000,3007,75,'too little',69);
INSERT INTO StudentPerformance VALUES(1000,3042,65,'just enough',90);
INSERT INTO StudentPerformance VALUES(1000,3004,155,'too much',61);
INSERT INTO StudentPerformance VALUES(1000,3058,10,'too little',71);
INSERT INTO StudentPerformance VALUES(1000,3020,15,'too much',72);
INSERT INTO StudentPerformance VALUES(1000,3016,132,'too much',75);
INSERT INTO StudentPerformance VALUES(1000,3053,172,'too little',78);
INSERT INTO StudentPerformance VALUES(1000,3029,164,'too much',94);
INSERT INTO StudentPerformance VALUES(1001,3040,43,'just enough',95);
INSERT INTO StudentPerformance VALUES(1001,3051,39,'just enough',83);
INSERT INTO StudentPerformance VALUES(1001,3032,173,'just enough',57);
INSERT INTO StudentPerformance VALUES(1001,3050,166,'too much',88);
INSERT INTO StudentPerformance VALUES(1001,3038,48,'just enough',79);
INSERT INTO StudentPerformance VALUES(1001,3018,161,'just enough',60);
INSERT INTO StudentPerformance VALUES(1001,3034,149,'just enough',82);
INSERT INTO StudentPerformance VALUES(1001,3028,44,'too much',58);
INSERT INTO StudentPerformance VALUES(1001,3030,118,'too much',86);
INSERT INTO StudentPerformance VALUES(1001,3048,147,'too much',88);
INSERT INTO StudentPerformance VALUES(1001,3022,81,'just enough',88);
INSERT INTO StudentPerformance VALUES(1001,3026,13,'too little',74);
INSERT INTO StudentPerformance VALUES(1002,3026,51,'too much',73);
INSERT INTO StudentPerformance VALUES(1002,3037,189,'too little',85);
INSERT INTO StudentPerformance VALUES(1002,3029,90,'too much',62);
INSERT INTO StudentPerformance VALUES(1002,3013,197,'just enough',58);
INSERT INTO StudentPerformance VALUES(1002,3035,172,'too much',95);
INSERT INTO StudentPerformance VALUES(1002,3003,15,'just enough',51);
INSERT INTO StudentPerformance VALUES(1002,3014,87,'just enough',79);
INSERT INTO StudentPerformance VALUES(1002,3022,9,'too little',74);
INSERT INTO StudentPerformance VALUES(1002,3036,136,'too much',87);
INSERT INTO StudentPerformance VALUES(1002,3021,13,'too much',89);
INSERT INTO StudentPerformance VALUES(1002,3024,20,'too much',58);
INSERT INTO StudentPerformance VALUES(1002,3049,2,'too little',55);
INSERT INTO StudentPerformance VALUES(1003,3059,16,'too much',94);
INSERT INTO StudentPerformance VALUES(1003,3008,9,'just enough',99);
INSERT INTO StudentPerformance VALUES(1003,3039,64,'too little',71);
INSERT INTO StudentPerformance VALUES(1003,3024,167,'too much',75);
INSERT INTO StudentPerformance VALUES(1003,3023,86,'too little',53);
INSERT INTO StudentPerformance VALUES(1003,3029,43,'too much',79);
INSERT INTO StudentPerformance VALUES(1003,3054,35,'too much',85);
INSERT INTO StudentPerformance VALUES(1003,3013,1,'too little',80);
INSERT INTO StudentPerformance VALUES(1003,3007,29,'too much',80);
INSERT INTO StudentPerformance VALUES(1003,3004,146,'too little',54);
INSERT INTO StudentPerformance VALUES(1003,3001,34,'just enough',95);
INSERT INTO StudentPerformance VALUES(1003,3046,60,'just enough',55);
INSERT INTO StudentPerformance VALUES(1004,3049,126,'just enough',82);
INSERT INTO StudentPerformance VALUES(1004,3027,59,'just enough',81);
INSERT INTO StudentPerformance VALUES(1004,3031,57,'too much',80);
INSERT INTO StudentPerformance VALUES(1004,3004,128,'too much',60);
INSERT INTO StudentPerformance VALUES(1004,3002,109,'too much',92);
INSERT INTO StudentPerformance VALUES(1004,3036,29,'just enough',100);
INSERT INTO StudentPerformance VALUES(1004,3039,190,'too little',100);
INSERT INTO StudentPerformance VALUES(1004,3059,147,'just enough',90);
INSERT INTO StudentPerformance VALUES(1004,3026,13,'too little',61);
INSERT INTO StudentPerformance VALUES(1004,3052,155,'just enough',72);
INSERT INTO StudentPerformance VALUES(1004,3032,159,'too much',78);
INSERT INTO StudentPerformance VALUES(1004,3001,4,'just enough',62);
INSERT INTO StudentPerformance VALUES(1005,3035,87,'too little',62);
INSERT INTO StudentPerformance VALUES(1005,3021,102,'too little',84);
INSERT INTO StudentPerformance VALUES(1005,3032,168,'too little',90);
INSERT INTO StudentPerformance VALUES(1005,3012,89,'too much',63);
INSERT INTO StudentPerformance VALUES(1005,3003,5,'just enough',66);
INSERT INTO StudentPerformance VALUES(1005,3033,174,'too much',57);
INSERT INTO StudentPerformance VALUES(1005,3055,60,'too much',73);
INSERT INTO StudentPerformance VALUES(1005,3052,83,'just enough',100);
INSERT INTO StudentPerformance VALUES(1005,3001,63,'too much',73);
INSERT INTO StudentPerformance VALUES(1005,3007,1,'just enough',55);
INSERT INTO StudentPerformance VALUES(1005,3040,119,'just enough',50);
INSERT INTO StudentPerformance VALUES(1005,3034,31,'just enough',85);
INSERT INTO StudentPerformance VALUES(1006,3040,101,'too little',53);
INSERT INTO StudentPerformance VALUES(1006,3013,56,'too little',100);
INSERT INTO StudentPerformance VALUES(1006,3000,176,'just enough',53);
INSERT INTO StudentPerformance VALUES(1006,3039,11,'too little',54);
INSERT INTO StudentPerformance VALUES(1006,3023,26,'too much',52);
INSERT INTO StudentPerformance VALUES(1006,3027,22,'just enough',60);
INSERT INTO StudentPerformance VALUES(1006,3016,59,'too little',52);
INSERT INTO StudentPerformance VALUES(1006,3028,157,'too little',60);
INSERT INTO StudentPerformance VALUES(1006,3054,139,'too much',90);
INSERT INTO StudentPerformance VALUES(1006,3004,78,'too little',67);
INSERT INTO StudentPerformance VALUES(1006,3047,168,'too much',68);
INSERT INTO StudentPerformance VALUES(1006,3020,5,'just enough',66);
INSERT INTO StudentPerformance VALUES(1007,3029,164,'too much',52);
INSERT INTO StudentPerformance VALUES(1007,3050,48,'just enough',84);
INSERT INTO StudentPerformance VALUES(1007,3032,13,'just enough',56);
INSERT INTO StudentPerformance VALUES(1007,3030,175,'just enough',64);
INSERT INTO StudentPerformance VALUES(1007,3053,82,'too little',83);
INSERT INTO StudentPerformance VALUES(1007,3059,99,'too little',68);
INSERT INTO StudentPerformance VALUES(1007,3003,151,'too little',54);
INSERT INTO StudentPerformance VALUES(1007,3056,58,'too little',100);
INSERT INTO StudentPerformance VALUES(1007,3024,67,'too much',73);
INSERT INTO StudentPerformance VALUES(1007,3027,142,'just enough',66);
INSERT INTO StudentPerformance VALUES(1007,3020,62,'too much',77);
INSERT INTO StudentPerformance VALUES(1007,3006,197,'too little',69);
INSERT INTO StudentPerformance VALUES(1008,3056,24,'just enough',90);
INSERT INTO StudentPerformance VALUES(1008,3022,24,'too much',69);
INSERT INTO StudentPerformance VALUES(1008,3046,84,'too little',55);
INSERT INTO StudentPerformance VALUES(1008,3057,19,'just enough',66);
INSERT INTO StudentPerformance VALUES(1008,3041,44,'just enough',96);
INSERT INTO StudentPerformance VALUES(1008,3035,70,'too little',61);
INSERT INTO StudentPerformance VALUES(1008,3021,189,'too little',57);
INSERT INTO StudentPerformance VALUES(1008,3006,20,'just enough',78);
INSERT INTO StudentPerformance VALUES(1008,3016,52,'too little',74);
INSERT INTO StudentPerformance VALUES(1008,3012,7,'just enough',53);
INSERT INTO StudentPerformance VALUES(1008,3015,101,'too little',74);
INSERT INTO StudentPerformance VALUES(1008,3014,70,'too much',59);
INSERT INTO StudentPerformance VALUES(1009,3009,163,'too much',82);
INSERT INTO StudentPerformance VALUES(1009,3003,125,'too much',63);
INSERT INTO StudentPerformance VALUES(1009,3020,112,'just enough',50);
INSERT INTO StudentPerformance VALUES(1009,3004,43,'too little',89);
INSERT INTO StudentPerformance VALUES(1009,3040,28,'just enough',51);
INSERT INTO StudentPerformance VALUES(1009,3044,37,'just enough',95);
INSERT INTO StudentPerformance VALUES(1009,3017,148,'just enough',54);
INSERT INTO StudentPerformance VALUES(1009,3010,116,'too little',56);
INSERT INTO StudentPerformance VALUES(1009,3055,23,'too much',93);
INSERT INTO StudentPerformance VALUES(1009,3006,2,'just enough',67);
INSERT INTO StudentPerformance VALUES(1009,3051,142,'just enough',87);
INSERT INTO StudentPerformance VALUES(1009,3033,149,'too little',59);
INSERT INTO StudentPerformance VALUES(1010,3058,183,'too much',72);
INSERT INTO StudentPerformance VALUES(1010,3024,17,'too little',98);
INSERT INTO StudentPerformance VALUES(1010,3016,103,'just enough',71);
INSERT INTO StudentPerformance VALUES(1010,3023,138,'too much',53);
INSERT INTO StudentPerformance VALUES(1010,3039,53,'too little',92);
INSERT INTO StudentPerformance VALUES(1010,3014,95,'too much',93);
INSERT INTO StudentPerformance VALUES(1010,3047,32,'too much',60);
INSERT INTO StudentPerformance VALUES(1010,3059,75,'too little',53);
INSERT INTO StudentPerformance VALUES(1010,3001,60,'just enough',77);
INSERT INTO StudentPerformance VALUES(1010,3011,105,'just enough',68);
INSERT INTO StudentPerformance VALUES(1010,3042,122,'too much',75);
INSERT INTO StudentPerformance VALUES(1010,3037,167,'too much',69);
INSERT INTO StudentPerformance VALUES(1011,3005,27,'too much',100);
INSERT INTO StudentPerformance VALUES(1011,3022,2,'just enough',91);
INSERT INTO StudentPerformance VALUES(1011,3010,102,'just enough',92);
INSERT INTO StudentPerformance VALUES(1011,3055,31,'too little',77);
INSERT INTO StudentPerformance VALUES(1011,3057,74,'too much',93);
INSERT INTO StudentPerformance VALUES(1011,3001,103,'too little',69);
INSERT INTO StudentPerformance VALUES(1011,3056,124,'just enough',54);
INSERT INTO StudentPerformance VALUES(1011,3024,173,'just enough',62);
INSERT INTO StudentPerformance VALUES(1011,3045,34,'too little',96);
INSERT INTO StudentPerformance VALUES(1011,3035,91,'too much',68);
INSERT INTO StudentPerformance VALUES(1011,3011,23,'too little',58);
INSERT INTO StudentPerformance VALUES(1011,3030,26,'too much',51);
INSERT INTO StudentPerformance VALUES(1012,3002,54,'just enough',95);
INSERT INTO StudentPerformance VALUES(1012,3039,184,'too much',69);
INSERT INTO StudentPerformance VALUES(1012,3042,169,'just enough',82);
INSERT INTO StudentPerformance VALUES(1012,3007,169,'too much',72);
INSERT INTO StudentPerformance VALUES(1012,3003,49,'too little',71);
INSERT INTO StudentPerformance VALUES(1012,3044,59,'just enough',98);
INSERT INTO StudentPerformance VALUES(1012,3022,147,'too much',76);
INSERT INTO StudentPerformance VALUES(1012,3048,86,'too little',69);
INSERT INTO StudentPerformance VALUES(1012,3019,136,'just enough',85);
INSERT INTO StudentPerformance VALUES(1012,3054,18,'too much',80);
INSERT INTO StudentPerformance VALUES(1012,3051,190,'just enough',77);
INSERT INTO StudentPerformance VALUES(1012,3040,96,'too little',86);
INSERT INTO StudentPerformance VALUES(1013,3024,129,'too little',88);
INSERT INTO StudentPerformance VALUES(1013,3023,106,'too little',62);
INSERT INTO StudentPerformance VALUES(1013,3015,109,'just enough',68);
INSERT INTO StudentPerformance VALUES(1013,3057,21,'just enough',87);
INSERT INTO StudentPerformance VALUES(1013,3056,195,'too little',89);
INSERT INTO StudentPerformance VALUES(1013,3009,130,'just enough',71);
INSERT INTO StudentPerformance VALUES(1013,3022,61,'too much',68);
INSERT INTO StudentPerformance VALUES(1013,3004,55,'too much',90);
INSERT INTO StudentPerformance VALUES(1013,3001,78,'too little',91);
INSERT INTO StudentPerformance VALUES(1013,3035,48,'just enough',50);
INSERT INTO StudentPerformance VALUES(1013,3027,66,'too little',54);
INSERT INTO StudentPerformance VALUES(1013,3028,149,'too little',88);
INSERT INTO StudentPerformance VALUES(1014,3051,176,'too little',86);
INSERT INTO StudentPerformance VALUES(1014,3050,46,'too much',94);
INSERT INTO StudentPerformance VALUES(1014,3053,149,'just enough',51);
INSERT INTO StudentPerformance VALUES(1014,3055,129,'just enough',54);
INSERT INTO StudentPerformance VALUES(1014,3045,6,'too much',72);
INSERT INTO StudentPerformance VALUES(1014,3005,160,'just enough',84);
INSERT INTO StudentPerformance VALUES(1014,3046,39,'just enough',72);
INSERT INTO StudentPerformance VALUES(1014,3030,171,'just enough',86);
INSERT INTO StudentPerformance VALUES(1014,3006,121,'too much',50);
INSERT INTO StudentPerformance VALUES(1014,3017,180,'just enough',57);
INSERT INTO StudentPerformance VALUES(1014,3021,42,'just enough',76);
INSERT INTO StudentPerformance VALUES(1014,3056,125,'too little',59);
INSERT INTO StudentPerformance VALUES(1015,3019,16,'too much',68);
INSERT INTO StudentPerformance VALUES(1015,3050,133,'too little',55);
INSERT INTO StudentPerformance VALUES(1015,3046,103,'just enough',63);
INSERT INTO StudentPerformance VALUES(1015,3023,138,'too much',50);
INSERT INTO StudentPerformance VALUES(1015,3057,100,'just enough',57);
INSERT INTO StudentPerformance VALUES(1015,3054,54,'too much',60);
INSERT INTO StudentPerformance VALUES(1015,3041,70,'just enough',80);
INSERT INTO StudentPerformance VALUES(1015,3055,116,'just enough',77);
INSERT INTO StudentPerformance VALUES(1015,3018,186,'too little',87);
INSERT INTO StudentPerformance VALUES(1015,3003,20,'too little',79);
INSERT INTO StudentPerformance VALUES(1015,3052,193,'just enough',55);
INSERT INTO StudentPerformance VALUES(1015,3022,28,'too little',74);
INSERT INTO StudentPerformance VALUES(1016,3048,200,'too little',61);
INSERT INTO StudentPerformance VALUES(1016,3043,63,'too much',80);
INSERT INTO StudentPerformance VALUES(1016,3001,117,'just enough',96);
INSERT INTO StudentPerformance VALUES(1016,3028,134,'too little',58);
INSERT INTO StudentPerformance VALUES(1016,3047,124,'too much',67);
INSERT INTO StudentPerformance VALUES(1016,3020,2,'too much',98);
INSERT INTO StudentPerformance VALUES(1016,3021,183,'too much',95);
INSERT INTO StudentPerformance VALUES(1016,3005,156,'too little',50);
INSERT INTO StudentPerformance VALUES(1016,3053,161,'too little',77);
INSERT INTO StudentPerformance VALUES(1016,3056,76,'too little',72);
INSERT INTO StudentPerformance VALUES(1016,3052,96,'just enough',94);
INSERT INTO StudentPerformance VALUES(1016,3041,139,'too much',59);
INSERT INTO StudentPerformance VALUES(1017,3059,91,'too little',81);
INSERT INTO StudentPerformance VALUES(1017,3039,18,'too much',67);
INSERT INTO StudentPerformance VALUES(1017,3014,182,'too little',57);
INSERT INTO StudentPerformance VALUES(1017,3023,81,'just enough',97);
INSERT INTO StudentPerformance VALUES(1017,3027,82,'too little',72);
INSERT INTO StudentPerformance VALUES(1017,3033,198,'too little',87);
INSERT INTO StudentPerformance VALUES(1017,3031,105,'too little',51);
INSERT INTO StudentPerformance VALUES(1017,3006,17,'just enough',71);
INSERT INTO StudentPerformance VALUES(1017,3021,105,'too much',90);
INSERT INTO StudentPerformance VALUES(1017,3048,153,'too little',76);
INSERT INTO StudentPerformance VALUES(1017,3025,195,'too little',75);
INSERT INTO StudentPerformance VALUES(1017,3040,157,'just enough',81);
INSERT INTO StudentPerformance VALUES(1018,3044,93,'too much',59);
INSERT INTO StudentPerformance VALUES(1018,3025,23,'too much',72);
INSERT INTO StudentPerformance VALUES(1018,3003,2,'just enough',100);
INSERT INTO StudentPerformance VALUES(1018,3032,117,'just enough',66);
INSERT INTO StudentPerformance VALUES(1018,3056,170,'too much',55);
INSERT INTO StudentPerformance VALUES(1018,3054,98,'just enough',66);
INSERT INTO StudentPerformance VALUES(1018,3039,194,'too much',64);
INSERT INTO StudentPerformance VALUES(1018,3020,150,'too much',98);
INSERT INTO StudentPerformance VALUES(1018,3018,187,'too little',92);
INSERT INTO StudentPerformance VALUES(1018,3011,53,'too much',56);
INSERT INTO StudentPerformance VALUES(1018,3053,197,'too little',55);
INSERT INTO StudentPerformance VALUES(1018,3028,51,'too little',57);
INSERT INTO StudentPerformance VALUES(1019,3004,63,'too little',85);
INSERT INTO StudentPerformance VALUES(1019,3029,14,'too much',81);
INSERT INTO StudentPerformance VALUES(1019,3020,135,'too little',69);
INSERT INTO StudentPerformance VALUES(1019,3002,50,'too little',86);
INSERT INTO StudentPerformance VALUES(1019,3022,93,'too little',60);
INSERT INTO StudentPerformance VALUES(1019,3032,63,'too much',98);
INSERT INTO StudentPerformance VALUES(1019,3016,184,'just enough',65);
INSERT INTO StudentPerformance VALUES(1019,3058,72,'too little',86);
INSERT INTO StudentPerformance VALUES(1019,3021,3,'just enough',78);
INSERT INTO StudentPerformance VALUES(1019,3037,138,'too much',84);
INSERT INTO StudentPerformance VALUES(1019,3011,38,'just enough',95);
INSERT INTO StudentPerformance VALUES(1019,3025,67,'just enough',64);
INSERT INTO StudentPerformance VALUES(1020,3046,100,'too much',72);
INSERT INTO StudentPerformance VALUES(1020,3014,147,'too much',90);
INSERT INTO StudentPerformance VALUES(1020,3000,157,'too much',77);
INSERT INTO StudentPerformance VALUES(1020,3008,21,'too little',74);
INSERT INTO StudentPerformance VALUES(1020,3054,126,'just enough',59);
INSERT INTO StudentPerformance VALUES(1020,3053,24,'just enough',59);
INSERT INTO StudentPerformance VALUES(1020,3037,63,'just enough',91);
INSERT INTO StudentPerformance VALUES(1020,3056,163,'just enough',67);
INSERT INTO StudentPerformance VALUES(1020,3027,3,'just enough',70);
INSERT INTO StudentPerformance VALUES(1020,3015,140,'too little',68);
INSERT INTO StudentPerformance VALUES(1020,3002,38,'too much',62);
INSERT INTO StudentPerformance VALUES(1020,3016,134,'just enough',92);
INSERT INTO StudentPerformance VALUES(1021,3038,12,'too much',96);
INSERT INTO StudentPerformance VALUES(1021,3014,27,'too much',71);
INSERT INTO StudentPerformance VALUES(1021,3055,91,'just enough',60);
INSERT INTO StudentPerformance VALUES(1021,3002,54,'just enough',55);
INSERT INTO StudentPerformance VALUES(1021,3011,195,'too much',70);
INSERT INTO StudentPerformance VALUES(1021,3035,189,'too much',75);
INSERT INTO StudentPerformance VALUES(1021,3017,85,'too much',94);
INSERT INTO StudentPerformance VALUES(1021,3052,40,'too much',54);
INSERT INTO StudentPerformance VALUES(1021,3029,193,'too much',64);
INSERT INTO StudentPerformance VALUES(1021,3042,166,'too much',64);
INSERT INTO StudentPerformance VALUES(1021,3012,167,'too much',92);
INSERT INTO StudentPerformance VALUES(1021,3043,130,'too little',87);
INSERT INTO StudentPerformance VALUES(1022,3048,184,'too much',82);
INSERT INTO StudentPerformance VALUES(1022,3014,116,'too little',61);
INSERT INTO StudentPerformance VALUES(1022,3051,114,'too little',53);
INSERT INTO StudentPerformance VALUES(1022,3042,113,'too little',72);
INSERT INTO StudentPerformance VALUES(1022,3034,162,'too much',94);
INSERT INTO StudentPerformance VALUES(1022,3058,145,'just enough',80);
INSERT INTO StudentPerformance VALUES(1022,3027,38,'just enough',74);
INSERT INTO StudentPerformance VALUES(1022,3000,4,'too little',50);
INSERT INTO StudentPerformance VALUES(1022,3001,155,'too little',70);
INSERT INTO StudentPerformance VALUES(1022,3018,37,'too much',59);
INSERT INTO StudentPerformance VALUES(1022,3033,140,'too much',76);
INSERT INTO StudentPerformance VALUES(1022,3032,139,'too little',61);
INSERT INTO StudentPerformance VALUES(1023,3034,54,'too little',84);
INSERT INTO StudentPerformance VALUES(1023,3045,66,'too little',77);
INSERT INTO StudentPerformance VALUES(1023,3007,180,'too much',93);
INSERT INTO StudentPerformance VALUES(1023,3039,118,'too much',53);
INSERT INTO StudentPerformance VALUES(1023,3040,152,'just enough',81);
INSERT INTO StudentPerformance VALUES(1023,3035,185,'too little',100);
INSERT INTO StudentPerformance VALUES(1023,3026,199,'too much',64);
INSERT INTO StudentPerformance VALUES(1023,3050,97,'too much',99);
INSERT INTO StudentPerformance VALUES(1023,3049,162,'too much',86);
INSERT INTO StudentPerformance VALUES(1023,3043,63,'too much',71);
INSERT INTO StudentPerformance VALUES(1023,3031,133,'too much',58);
INSERT INTO StudentPerformance VALUES(1023,3058,138,'just enough',61);
INSERT INTO StudentPerformance VALUES(1024,3055,161,'too much',66);
INSERT INTO StudentPerformance VALUES(1024,3052,58,'too much',70);
INSERT INTO StudentPerformance VALUES(1024,3009,128,'too much',50);
INSERT INTO StudentPerformance VALUES(1024,3034,63,'too little',59);
INSERT INTO StudentPerformance VALUES(1024,3027,110,'just enough',51);
INSERT INTO StudentPerformance VALUES(1024,3040,1,'too little',85);
INSERT INTO StudentPerformance VALUES(1024,3039,62,'just enough',95);
INSERT INTO StudentPerformance VALUES(1024,3057,41,'too little',78);
INSERT INTO StudentPerformance VALUES(1024,3024,170,'too little',58);
INSERT INTO StudentPerformance VALUES(1024,3026,87,'too little',68);
INSERT INTO StudentPerformance VALUES(1024,3017,73,'too much',54);
INSERT INTO StudentPerformance VALUES(1024,3016,68,'just enough',55);
INSERT INTO StudentPerformance VALUES(1025,3027,17,'just enough',64);
INSERT INTO StudentPerformance VALUES(1025,3032,57,'too much',50);
INSERT INTO StudentPerformance VALUES(1025,3012,19,'too little',80);
INSERT INTO StudentPerformance VALUES(1025,3011,146,'just enough',54);
INSERT INTO StudentPerformance VALUES(1025,3030,17,'too little',94);
INSERT INTO StudentPerformance VALUES(1025,3025,91,'just enough',52);
INSERT INTO StudentPerformance VALUES(1025,3057,119,'too much',66);
INSERT INTO StudentPerformance VALUES(1025,3006,10,'too little',84);
INSERT INTO StudentPerformance VALUES(1025,3003,167,'too little',87);
INSERT INTO StudentPerformance VALUES(1025,3020,150,'just enough',92);
INSERT INTO StudentPerformance VALUES(1025,3033,160,'too little',85);
INSERT INTO StudentPerformance VALUES(1025,3042,152,'too much',99);
INSERT INTO StudentPerformance VALUES(1026,3041,91,'too little',89);
INSERT INTO StudentPerformance VALUES(1026,3024,162,'too little',98);
INSERT INTO StudentPerformance VALUES(1026,3017,96,'just enough',91);
INSERT INTO StudentPerformance VALUES(1026,3006,178,'too much',62);
INSERT INTO StudentPerformance VALUES(1026,3040,200,'just enough',80);
INSERT INTO StudentPerformance VALUES(1026,3013,146,'too much',68);
INSERT INTO StudentPerformance VALUES(1026,3059,145,'too much',71);
INSERT INTO StudentPerformance VALUES(1026,3045,128,'too much',53);
INSERT INTO StudentPerformance VALUES(1026,3036,120,'too little',85);
INSERT INTO StudentPerformance VALUES(1026,3032,169,'too little',64);
INSERT INTO StudentPerformance VALUES(1026,3008,194,'too little',95);
INSERT INTO StudentPerformance VALUES(1026,3035,34,'too little',80);
INSERT INTO StudentPerformance VALUES(1027,3046,13,'too little',55);
INSERT INTO StudentPerformance VALUES(1027,3047,10,'too much',57);
INSERT INTO StudentPerformance VALUES(1027,3029,47,'too little',63);
INSERT INTO StudentPerformance VALUES(1027,3027,101,'too much',95);
INSERT INTO StudentPerformance VALUES(1027,3018,170,'too little',68);
INSERT INTO StudentPerformance VALUES(1027,3002,125,'just enough',71);
INSERT INTO StudentPerformance VALUES(1027,3011,190,'too little',65);
INSERT INTO StudentPerformance VALUES(1027,3020,62,'just enough',95);
INSERT INTO StudentPerformance VALUES(1027,3044,55,'too little',64);
INSERT INTO StudentPerformance VALUES(1027,3040,67,'too much',58);
INSERT INTO StudentPerformance VALUES(1027,3030,106,'just enough',70);
INSERT INTO StudentPerformance VALUES(1027,3017,190,'too much',83);
INSERT INTO StudentPerformance VALUES(1028,3030,189,'too little',77);
INSERT INTO StudentPerformance VALUES(1028,3005,145,'too little',61);
INSERT INTO StudentPerformance VALUES(1028,3055,176,'just enough',53);
INSERT INTO StudentPerformance VALUES(1028,3039,159,'too much',91);
INSERT INTO StudentPerformance VALUES(1028,3059,150,'too much',69);
INSERT INTO StudentPerformance VALUES(1028,3018,57,'just enough',54);
INSERT INTO StudentPerformance VALUES(1028,3034,31,'just enough',79);
INSERT INTO StudentPerformance VALUES(1028,3058,11,'just enough',83);
INSERT INTO StudentPerformance VALUES(1028,3051,14,'just enough',99);
INSERT INTO StudentPerformance VALUES(1028,3025,101,'too much',97);
INSERT INTO StudentPerformance VALUES(1028,3048,115,'too much',97);
INSERT INTO StudentPerformance VALUES(1028,3024,104,'too much',76);
INSERT INTO StudentPerformance VALUES(1029,3013,16,'too much',52);
INSERT INTO StudentPerformance VALUES(1029,3032,27,'too little',60);
INSERT INTO StudentPerformance VALUES(1029,3002,172,'just enough',54);
INSERT INTO StudentPerformance VALUES(1029,3037,178,'too much',88);
INSERT INTO StudentPerformance VALUES(1029,3042,71,'too much',93);
INSERT INTO StudentPerformance VALUES(1029,3055,83,'too much',86);
INSERT INTO StudentPerformance VALUES(1029,3036,160,'too much',52);
INSERT INTO StudentPerformance VALUES(1029,3054,118,'too much',85);
INSERT INTO StudentPerformance VALUES(1029,3019,27,'just enough',64);
INSERT INTO StudentPerformance VALUES(1029,3022,166,'too much',60);
INSERT INTO StudentPerformance VALUES(1029,3040,159,'just enough',86);
INSERT INTO StudentPerformance VALUES(1029,3045,51,'just enough',91);
INSERT INTO StudentPerformance VALUES(1030,3012,123,'too little',59);
INSERT INTO StudentPerformance VALUES(1030,3052,134,'too little',51);
INSERT INTO StudentPerformance VALUES(1030,3003,58,'just enough',61);
INSERT INTO StudentPerformance VALUES(1030,3041,15,'too little',97);
INSERT INTO StudentPerformance VALUES(1030,3000,181,'just enough',99);
INSERT INTO StudentPerformance VALUES(1030,3037,97,'just enough',51);
INSERT INTO StudentPerformance VALUES(1030,3023,178,'too little',55);
INSERT INTO StudentPerformance VALUES(1030,3008,170,'too little',60);
INSERT INTO StudentPerformance VALUES(1030,3019,140,'too little',73);
INSERT INTO StudentPerformance VALUES(1030,3031,4,'just enough',84);
INSERT INTO StudentPerformance VALUES(1030,3030,62,'too little',56);
INSERT INTO StudentPerformance VALUES(1030,3045,25,'too little',94);
INSERT INTO StudentPerformance VALUES(1031,3028,153,'just enough',75);
INSERT INTO StudentPerformance VALUES(1031,3059,190,'just enough',78);
INSERT INTO StudentPerformance VALUES(1031,3029,98,'too much',59);
INSERT INTO StudentPerformance VALUES(1031,3051,164,'too little',79);
INSERT INTO StudentPerformance VALUES(1031,3023,178,'too little',66);
INSERT INTO StudentPerformance VALUES(1031,3049,150,'too little',74);
INSERT INTO StudentPerformance VALUES(1031,3017,187,'too little',84);
INSERT INTO StudentPerformance VALUES(1031,3020,79,'too much',58);
INSERT INTO StudentPerformance VALUES(1031,3004,24,'too much',60);
INSERT INTO StudentPerformance VALUES(1031,3000,20,'just enough',87);
INSERT INTO StudentPerformance VALUES(1031,3037,63,'too much',87);
INSERT INTO StudentPerformance VALUES(1031,3034,79,'just enough',59);
INSERT INTO StudentPerformance VALUES(1032,3042,146,'just enough',60);
INSERT INTO StudentPerformance VALUES(1032,3022,134,'just enough',78);
INSERT INTO StudentPerformance VALUES(1032,3024,156,'too little',73);
INSERT INTO StudentPerformance VALUES(1032,3055,117,'too little',94);
INSERT INTO StudentPerformance VALUES(1032,3005,131,'just enough',79);
INSERT INTO StudentPerformance VALUES(1032,3013,176,'too little',68);
INSERT INTO StudentPerformance VALUES(1032,3034,41,'too little',55);
INSERT INTO StudentPerformance VALUES(1032,3044,69,'too much',87);
INSERT INTO StudentPerformance VALUES(1032,3030,12,'just enough',78);
INSERT INTO StudentPerformance VALUES(1032,3015,113,'too little',71);
INSERT INTO StudentPerformance VALUES(1032,3032,59,'just enough',66);
INSERT INTO StudentPerformance VALUES(1032,3048,45,'too little',93);
INSERT INTO StudentPerformance VALUES(1033,3020,124,'too much',68);
INSERT INTO StudentPerformance VALUES(1033,3003,111,'too much',99);
INSERT INTO StudentPerformance VALUES(1033,3001,45,'just enough',51);
INSERT INTO StudentPerformance VALUES(1033,3017,78,'too little',59);
INSERT INTO StudentPerformance VALUES(1033,3018,122,'too much',54);
INSERT INTO StudentPerformance VALUES(1033,3024,67,'just enough',62);
INSERT INTO StudentPerformance VALUES(1033,3005,60,'too little',88);
INSERT INTO StudentPerformance VALUES(1033,3046,44,'just enough',59);
INSERT INTO StudentPerformance VALUES(1033,3036,68,'too much',78);
INSERT INTO StudentPerformance VALUES(1033,3031,24,'too much',91);
INSERT INTO StudentPerformance VALUES(1033,3011,43,'too little',56);
INSERT INTO StudentPerformance VALUES(1033,3050,132,'just enough',100);
INSERT INTO StudentPerformance VALUES(1034,3021,95,'just enough',66);
INSERT INTO StudentPerformance VALUES(1034,3008,99,'too little',71);
INSERT INTO StudentPerformance VALUES(1034,3032,21,'just enough',58);
INSERT INTO StudentPerformance VALUES(1034,3042,50,'too little',94);
INSERT INTO StudentPerformance VALUES(1034,3045,197,'just enough',70);
INSERT INTO StudentPerformance VALUES(1034,3003,43,'too much',91);
INSERT INTO StudentPerformance VALUES(1034,3039,172,'just enough',55);
INSERT INTO StudentPerformance VALUES(1034,3044,169,'too little',62);
INSERT INTO StudentPerformance VALUES(1034,3016,23,'too little',50);
INSERT INTO StudentPerformance VALUES(1034,3013,22,'just enough',71);
INSERT INTO StudentPerformance VALUES(1034,3030,162,'too much',62);
INSERT INTO StudentPerformance VALUES(1034,3034,17,'just enough',97);
INSERT INTO StudentPerformance VALUES(1035,3045,109,'just enough',67);
INSERT INTO StudentPerformance VALUES(1035,3000,32,'too much',96);
INSERT INTO StudentPerformance VALUES(1035,3049,159,'too little',73);
INSERT INTO StudentPerformance VALUES(1035,3059,19,'too little',76);
INSERT INTO StudentPerformance VALUES(1035,3008,84,'just enough',94);
INSERT INTO StudentPerformance VALUES(1035,3036,152,'just enough',74);
INSERT INTO StudentPerformance VALUES(1035,3004,93,'too much',71);
INSERT INTO StudentPerformance VALUES(1035,3024,32,'just enough',52);
INSERT INTO StudentPerformance VALUES(1035,3034,67,'just enough',57);
INSERT INTO StudentPerformance VALUES(1035,3037,183,'too little',59);
INSERT INTO StudentPerformance VALUES(1035,3007,194,'too much',54);
INSERT INTO StudentPerformance VALUES(1035,3013,48,'too much',62);
INSERT INTO StudentPerformance VALUES(1036,3034,86,'too little',90);
INSERT INTO StudentPerformance VALUES(1036,3036,67,'too little',56);
INSERT INTO StudentPerformance VALUES(1036,3030,48,'too little',99);
INSERT INTO StudentPerformance VALUES(1036,3007,6,'too little',58);
INSERT INTO StudentPerformance VALUES(1036,3027,106,'too little',82);
INSERT INTO StudentPerformance VALUES(1036,3006,28,'just enough',52);
INSERT INTO StudentPerformance VALUES(1036,3045,161,'just enough',96);
INSERT INTO StudentPerformance VALUES(1036,3014,10,'just enough',98);
INSERT INTO StudentPerformance VALUES(1036,3054,190,'too much',69);
INSERT INTO StudentPerformance VALUES(1036,3053,144,'just enough',85);
INSERT INTO StudentPerformance VALUES(1036,3050,155,'too much',82);
INSERT INTO StudentPerformance VALUES(1036,3059,10,'just enough',94);
INSERT INTO StudentPerformance VALUES(1037,3004,31,'just enough',69);
INSERT INTO StudentPerformance VALUES(1037,3014,49,'too much',83);
INSERT INTO StudentPerformance VALUES(1037,3023,106,'just enough',55);
INSERT INTO StudentPerformance VALUES(1037,3055,107,'just enough',64);
INSERT INTO StudentPerformance VALUES(1037,3032,65,'too much',97);
INSERT INTO StudentPerformance VALUES(1037,3013,130,'just enough',86);
INSERT INTO StudentPerformance VALUES(1037,3044,50,'just enough',65);
INSERT INTO StudentPerformance VALUES(1037,3016,114,'just enough',51);
INSERT INTO StudentPerformance VALUES(1037,3048,172,'too little',60);
INSERT INTO StudentPerformance VALUES(1037,3028,18,'too little',71);
INSERT INTO StudentPerformance VALUES(1037,3050,159,'too little',71);
INSERT INTO StudentPerformance VALUES(1037,3058,3,'too much',54);
INSERT INTO StudentPerformance VALUES(1038,3029,82,'too much',72);
INSERT INTO StudentPerformance VALUES(1038,3034,162,'just enough',60);
INSERT INTO StudentPerformance VALUES(1038,3031,163,'just enough',74);
INSERT INTO StudentPerformance VALUES(1038,3026,23,'too little',52);
INSERT INTO StudentPerformance VALUES(1038,3047,7,'just enough',50);
INSERT INTO StudentPerformance VALUES(1038,3053,46,'too much',54);
INSERT INTO StudentPerformance VALUES(1038,3044,98,'too little',74);
INSERT INTO StudentPerformance VALUES(1038,3016,43,'just enough',99);
INSERT INTO StudentPerformance VALUES(1038,3023,186,'just enough',56);
INSERT INTO StudentPerformance VALUES(1038,3036,161,'too much',63);
INSERT INTO StudentPerformance VALUES(1038,3013,109,'just enough',58);
INSERT INTO StudentPerformance VALUES(1038,3035,160,'too much',78);
INSERT INTO StudentPerformance VALUES(1039,3055,56,'just enough',78);
INSERT INTO StudentPerformance VALUES(1039,3024,178,'just enough',56);
INSERT INTO StudentPerformance VALUES(1039,3031,85,'just enough',74);
INSERT INTO StudentPerformance VALUES(1039,3027,45,'too little',86);
INSERT INTO StudentPerformance VALUES(1039,3005,98,'too little',50);
INSERT INTO StudentPerformance VALUES(1039,3002,127,'too much',72);
INSERT INTO StudentPerformance VALUES(1039,3030,186,'too much',94);
INSERT INTO StudentPerformance VALUES(1039,3028,75,'too much',63);
INSERT INTO StudentPerformance VALUES(1039,3058,171,'too much',80);
INSERT INTO StudentPerformance VALUES(1039,3003,103,'too much',54);
INSERT INTO StudentPerformance VALUES(1039,3054,165,'too little',65);
INSERT INTO StudentPerformance VALUES(1039,3045,32,'too much',56);
INSERT INTO StudentPerformance VALUES(1040,3054,58,'too much',85);
INSERT INTO StudentPerformance VALUES(1040,3027,178,'too little',68);
INSERT INTO StudentPerformance VALUES(1040,3019,66,'just enough',62);
INSERT INTO StudentPerformance VALUES(1040,3006,21,'just enough',75);
INSERT INTO StudentPerformance VALUES(1040,3017,52,'too little',81);
INSERT INTO StudentPerformance VALUES(1040,3009,181,'too much',91);
INSERT INTO StudentPerformance VALUES(1040,3000,140,'too much',100);
INSERT INTO StudentPerformance VALUES(1040,3020,75,'too much',73);
INSERT INTO StudentPerformance VALUES(1040,3030,12,'just enough',57);
INSERT INTO StudentPerformance VALUES(1040,3025,93,'just enough',92);
INSERT INTO StudentPerformance VALUES(1040,3044,163,'just enough',69);
INSERT INTO StudentPerformance VALUES(1040,3004,40,'just enough',74);
INSERT INTO StudentPerformance VALUES(1041,3024,89,'too much',78);
INSERT INTO StudentPerformance VALUES(1041,3008,14,'too little',78);
INSERT INTO StudentPerformance VALUES(1041,3007,17,'too much',87);
INSERT INTO StudentPerformance VALUES(1041,3027,28,'too much',67);
INSERT INTO StudentPerformance VALUES(1041,3034,94,'too little',96);
INSERT INTO StudentPerformance VALUES(1041,3045,81,'too much',76);
INSERT INTO StudentPerformance VALUES(1041,3044,13,'too little',75);
INSERT INTO StudentPerformance VALUES(1041,3049,193,'too much',94);
INSERT INTO StudentPerformance VALUES(1041,3037,167,'too little',68);
INSERT INTO StudentPerformance VALUES(1041,3035,163,'too little',85);
INSERT INTO StudentPerformance VALUES(1041,3029,191,'just enough',79);
INSERT INTO StudentPerformance VALUES(1041,3039,27,'too little',70);
INSERT INTO StudentPerformance VALUES(1042,3023,50,'too little',100);
INSERT INTO StudentPerformance VALUES(1042,3014,39,'just enough',74);
INSERT INTO StudentPerformance VALUES(1042,3054,7,'too much',80);
INSERT INTO StudentPerformance VALUES(1042,3011,82,'just enough',96);
INSERT INTO StudentPerformance VALUES(1042,3007,108,'too much',54);
INSERT INTO StudentPerformance VALUES(1042,3047,169,'just enough',99);
INSERT INTO StudentPerformance VALUES(1042,3022,30,'too much',52);
INSERT INTO StudentPerformance VALUES(1042,3059,173,'too much',99);
INSERT INTO StudentPerformance VALUES(1042,3015,61,'too much',71);
INSERT INTO StudentPerformance VALUES(1042,3000,197,'too much',73);
INSERT INTO StudentPerformance VALUES(1042,3017,86,'just enough',52);
INSERT INTO StudentPerformance VALUES(1042,3018,142,'too much',70);
INSERT INTO StudentPerformance VALUES(1043,3002,176,'too much',65);
INSERT INTO StudentPerformance VALUES(1043,3016,49,'too little',68);
INSERT INTO StudentPerformance VALUES(1043,3015,174,'just enough',87);
INSERT INTO StudentPerformance VALUES(1043,3042,164,'too much',98);
INSERT INTO StudentPerformance VALUES(1043,3040,59,'just enough',61);
INSERT INTO StudentPerformance VALUES(1043,3011,190,'too much',73);
INSERT INTO StudentPerformance VALUES(1043,3035,128,'just enough',51);
INSERT INTO StudentPerformance VALUES(1043,3037,183,'too much',54);
INSERT INTO StudentPerformance VALUES(1043,3023,87,'just enough',67);
INSERT INTO StudentPerformance VALUES(1043,3012,46,'just enough',85);
INSERT INTO StudentPerformance VALUES(1043,3018,17,'too much',57);
INSERT INTO StudentPerformance VALUES(1043,3024,93,'too much',66);
INSERT INTO StudentPerformance VALUES(1044,3035,28,'too much',53);
INSERT INTO StudentPerformance VALUES(1044,3000,57,'too much',84);
INSERT INTO StudentPerformance VALUES(1044,3050,179,'too much',77);
INSERT INTO StudentPerformance VALUES(1044,3032,116,'just enough',61);
INSERT INTO StudentPerformance VALUES(1044,3007,121,'too much',98);
INSERT INTO StudentPerformance VALUES(1044,3043,43,'just enough',91);
INSERT INTO StudentPerformance VALUES(1044,3039,150,'too little',65);
INSERT INTO StudentPerformance VALUES(1044,3044,82,'too much',65);
INSERT INTO StudentPerformance VALUES(1044,3042,77,'too little',58);
INSERT INTO StudentPerformance VALUES(1044,3011,161,'too little',58);
INSERT INTO StudentPerformance VALUES(1044,3020,71,'too little',97);
INSERT INTO StudentPerformance VALUES(1044,3004,169,'too little',74);
INSERT INTO StudentPerformance VALUES(1045,3007,123,'too much',52);
INSERT INTO StudentPerformance VALUES(1045,3053,47,'just enough',74);
INSERT INTO StudentPerformance VALUES(1045,3015,173,'too much',87);
INSERT INTO StudentPerformance VALUES(1045,3045,180,'just enough',92);
INSERT INTO StudentPerformance VALUES(1045,3037,41,'just enough',59);
INSERT INTO StudentPerformance VALUES(1045,3028,71,'just enough',81);
INSERT INTO StudentPerformance VALUES(1045,3031,95,'just enough',83);
INSERT INTO StudentPerformance VALUES(1045,3034,106,'just enough',85);
INSERT INTO StudentPerformance VALUES(1045,3025,18,'too much',58);
INSERT INTO StudentPerformance VALUES(1045,3036,15,'just enough',62);
INSERT INTO StudentPerformance VALUES(1045,3033,36,'too much',66);
INSERT INTO StudentPerformance VALUES(1045,3001,91,'just enough',53);
INSERT INTO StudentPerformance VALUES(1046,3016,145,'too much',80);
INSERT INTO StudentPerformance VALUES(1046,3009,100,'too little',65);
INSERT INTO StudentPerformance VALUES(1046,3012,4,'too little',89);
INSERT INTO StudentPerformance VALUES(1046,3008,77,'too little',79);
INSERT INTO StudentPerformance VALUES(1046,3021,48,'too little',54);
INSERT INTO StudentPerformance VALUES(1046,3041,171,'too little',95);
INSERT INTO StudentPerformance VALUES(1046,3034,75,'too much',59);
INSERT INTO StudentPerformance VALUES(1046,3040,11,'too little',92);
INSERT INTO StudentPerformance VALUES(1046,3028,163,'too little',82);
INSERT INTO StudentPerformance VALUES(1046,3020,200,'too little',77);
INSERT INTO StudentPerformance VALUES(1046,3046,37,'too much',55);
INSERT INTO StudentPerformance VALUES(1046,3026,103,'just enough',54);
INSERT INTO StudentPerformance VALUES(1047,3048,32,'too little',90);
INSERT INTO StudentPerformance VALUES(1047,3050,6,'just enough',91);
INSERT INTO StudentPerformance VALUES(1047,3038,117,'just enough',61);
INSERT INTO StudentPerformance VALUES(1047,3028,152,'too much',88);
INSERT INTO StudentPerformance VALUES(1047,3013,126,'too little',98);
INSERT INTO StudentPerformance VALUES(1047,3051,104,'just enough',56);
INSERT INTO StudentPerformance VALUES(1047,3037,66,'too much',99);
INSERT INTO StudentPerformance VALUES(1047,3055,26,'too much',74);
INSERT INTO StudentPerformance VALUES(1047,3016,42,'too little',59);
INSERT INTO StudentPerformance VALUES(1047,3014,191,'too much',52);
INSERT INTO StudentPerformance VALUES(1047,3052,65,'too much',90);
INSERT INTO StudentPerformance VALUES(1047,3015,95,'too little',74);
INSERT INTO StudentPerformance VALUES(1048,3016,35,'too little',90);
INSERT INTO StudentPerformance VALUES(1048,3011,188,'too much',91);
INSERT INTO StudentPerformance VALUES(1048,3033,59,'just enough',67);
INSERT INTO StudentPerformance VALUES(1048,3058,191,'just enough',83);
INSERT INTO StudentPerformance VALUES(1048,3000,67,'too much',61);
INSERT INTO StudentPerformance VALUES(1048,3026,12,'too little',54);
INSERT INTO StudentPerformance VALUES(1048,3020,174,'just enough',75);
INSERT INTO StudentPerformance VALUES(1048,3006,112,'too much',70);
INSERT INTO StudentPerformance VALUES(1048,3031,3,'just enough',57);
INSERT INTO StudentPerformance VALUES(1048,3003,54,'too little',80);
INSERT INTO StudentPerformance VALUES(1048,3050,136,'too little',100);
INSERT INTO StudentPerformance VALUES(1048,3010,103,'just enough',82);
INSERT INTO StudentPerformance VALUES(1049,3042,44,'just enough',94);
INSERT INTO StudentPerformance VALUES(1049,3012,36,'just enough',75);
INSERT INTO StudentPerformance VALUES(1049,3049,160,'too little',61);
INSERT INTO StudentPerformance VALUES(1049,3015,118,'too much',80);
INSERT INTO StudentPerformance VALUES(1049,3009,16,'too little',78);
INSERT INTO StudentPerformance VALUES(1049,3030,26,'too much',89);
INSERT INTO StudentPerformance VALUES(1049,3051,118,'too little',55);
INSERT INTO StudentPerformance VALUES(1049,3017,104,'too little',63);
INSERT INTO StudentPerformance VALUES(1049,3043,7,'just enough',81);
INSERT INTO StudentPerformance VALUES(1049,3045,96,'too much',70);
INSERT INTO StudentPerformance VALUES(1049,3020,185,'just enough',100);
INSERT INTO StudentPerformance VALUES(1049,3014,47,'too much',99);
INSERT INTO StudentPerformance VALUES(1050,3019,57,'too much',77);
INSERT INTO StudentPerformance VALUES(1050,3050,15,'just enough',63);
INSERT INTO StudentPerformance VALUES(1050,3008,60,'just enough',84);
INSERT INTO StudentPerformance VALUES(1050,3057,160,'too little',67);
INSERT INTO StudentPerformance VALUES(1050,3020,65,'too much',85);
INSERT INTO StudentPerformance VALUES(1050,3001,194,'too much',67);
INSERT INTO StudentPerformance VALUES(1050,3033,24,'too little',56);
INSERT INTO StudentPerformance VALUES(1050,3051,153,'just enough',70);
INSERT INTO StudentPerformance VALUES(1050,3024,152,'too little',74);
INSERT INTO StudentPerformance VALUES(1050,3030,25,'just enough',54);
INSERT INTO StudentPerformance VALUES(1050,3027,139,'just enough',54);
INSERT INTO StudentPerformance VALUES(1050,3015,194,'too much',65);
INSERT INTO StudentPerformance VALUES(1051,3035,90,'too much',55);
INSERT INTO StudentPerformance VALUES(1051,3007,194,'too little',87);
INSERT INTO StudentPerformance VALUES(1051,3033,166,'just enough',83);
INSERT INTO StudentPerformance VALUES(1051,3031,15,'just enough',100);
INSERT INTO StudentPerformance VALUES(1051,3038,16,'too little',93);
INSERT INTO StudentPerformance VALUES(1051,3017,42,'too much',90);
INSERT INTO StudentPerformance VALUES(1051,3034,179,'too little',91);
INSERT INTO StudentPerformance VALUES(1051,3037,26,'just enough',54);
INSERT INTO StudentPerformance VALUES(1051,3015,12,'just enough',86);
INSERT INTO StudentPerformance VALUES(1051,3016,3,'too little',91);
INSERT INTO StudentPerformance VALUES(1051,3053,174,'too much',99);
INSERT INTO StudentPerformance VALUES(1051,3013,186,'too much',64);
INSERT INTO StudentPerformance VALUES(1052,3053,35,'just enough',81);
INSERT INTO StudentPerformance VALUES(1052,3045,191,'too much',51);
INSERT INTO StudentPerformance VALUES(1052,3049,27,'just enough',74);
INSERT INTO StudentPerformance VALUES(1052,3005,93,'too much',54);
INSERT INTO StudentPerformance VALUES(1052,3018,14,'too little',94);
INSERT INTO StudentPerformance VALUES(1052,3031,80,'just enough',74);
INSERT INTO StudentPerformance VALUES(1052,3006,101,'too little',83);
INSERT INTO StudentPerformance VALUES(1052,3044,7,'too little',66);
INSERT INTO StudentPerformance VALUES(1052,3059,181,'too much',54);
INSERT INTO StudentPerformance VALUES(1052,3048,113,'too much',71);
INSERT INTO StudentPerformance VALUES(1052,3040,40,'too much',83);
INSERT INTO StudentPerformance VALUES(1052,3027,35,'too much',97);
INSERT INTO StudentPerformance VALUES(1053,3042,192,'just enough',84);
INSERT INTO StudentPerformance VALUES(1053,3048,63,'too little',60);
INSERT INTO StudentPerformance VALUES(1053,3010,66,'too much',74);
INSERT INTO StudentPerformance VALUES(1053,3053,12,'just enough',51);
INSERT INTO StudentPerformance VALUES(1053,3058,94,'too much',96);
INSERT INTO StudentPerformance VALUES(1053,3057,121,'too little',81);
INSERT INTO StudentPerformance VALUES(1053,3045,1,'too little',59);
INSERT INTO StudentPerformance VALUES(1053,3047,29,'too little',56);
INSERT INTO StudentPerformance VALUES(1053,3051,199,'too little',75);
INSERT INTO StudentPerformance VALUES(1053,3030,21,'just enough',72);
INSERT INTO StudentPerformance VALUES(1053,3020,78,'just enough',60);
INSERT INTO StudentPerformance VALUES(1053,3054,20,'just enough',52);
INSERT INTO StudentPerformance VALUES(1054,3032,45,'too much',63);
INSERT INTO StudentPerformance VALUES(1054,3019,91,'too little',96);
INSERT INTO StudentPerformance VALUES(1054,3027,42,'too little',70);
INSERT INTO StudentPerformance VALUES(1054,3003,72,'too much',85);
INSERT INTO StudentPerformance VALUES(1054,3053,119,'too little',55);
INSERT INTO StudentPerformance VALUES(1054,3050,168,'too much',79);
INSERT INTO StudentPerformance VALUES(1054,3016,1,'too much',50);
INSERT INTO StudentPerformance VALUES(1054,3040,195,'too much',54);
INSERT INTO StudentPerformance VALUES(1054,3049,106,'too little',93);
INSERT INTO StudentPerformance VALUES(1054,3051,107,'too much',73);
INSERT INTO StudentPerformance VALUES(1054,3045,190,'too much',86);
INSERT INTO StudentPerformance VALUES(1054,3056,177,'just enough',90);
INSERT INTO StudentPerformance VALUES(1055,3008,15,'too little',61);
INSERT INTO StudentPerformance VALUES(1055,3057,90,'too little',89);
INSERT INTO StudentPerformance VALUES(1055,3035,190,'too much',53);
INSERT INTO StudentPerformance VALUES(1055,3014,92,'just enough',89);
INSERT INTO StudentPerformance VALUES(1055,3039,78,'just enough',65);
INSERT INTO StudentPerformance VALUES(1055,3041,98,'too much',68);
INSERT INTO StudentPerformance VALUES(1055,3020,4,'too much',59);
INSERT INTO StudentPerformance VALUES(1055,3012,113,'too much',84);
INSERT INTO StudentPerformance VALUES(1055,3050,14,'too much',56);
INSERT INTO StudentPerformance VALUES(1055,3042,155,'just enough',57);
INSERT INTO StudentPerformance VALUES(1055,3034,154,'just enough',68);
INSERT INTO StudentPerformance VALUES(1055,3048,190,'just enough',73);
INSERT INTO StudentPerformance VALUES(1056,3041,73,'too much',84);
INSERT INTO StudentPerformance VALUES(1056,3000,179,'just enough',57);
INSERT INTO StudentPerformance VALUES(1056,3023,86,'too little',80);
INSERT INTO StudentPerformance VALUES(1056,3017,93,'too little',98);
INSERT INTO StudentPerformance VALUES(1056,3037,10,'too much',70);
INSERT INTO StudentPerformance VALUES(1056,3048,33,'just enough',94);
INSERT INTO StudentPerformance VALUES(1056,3011,181,'too much',91);
INSERT INTO StudentPerformance VALUES(1056,3054,132,'too much',99);
INSERT INTO StudentPerformance VALUES(1056,3026,129,'too little',68);
INSERT INTO StudentPerformance VALUES(1056,3038,98,'just enough',67);
INSERT INTO StudentPerformance VALUES(1056,3046,53,'just enough',95);
INSERT INTO StudentPerformance VALUES(1056,3010,47,'too little',64);
INSERT INTO StudentPerformance VALUES(1057,3017,197,'too little',91);
INSERT INTO StudentPerformance VALUES(1057,3026,50,'too much',67);
INSERT INTO StudentPerformance VALUES(1057,3053,28,'too much',79);
INSERT INTO StudentPerformance VALUES(1057,3038,82,'too little',99);
INSERT INTO StudentPerformance VALUES(1057,3056,143,'too little',66);
INSERT INTO StudentPerformance VALUES(1057,3022,93,'too much',54);
INSERT INTO StudentPerformance VALUES(1057,3023,190,'too little',68);
INSERT INTO StudentPerformance VALUES(1057,3041,109,'too much',61);
INSERT INTO StudentPerformance VALUES(1057,3042,183,'just enough',71);
INSERT INTO StudentPerformance VALUES(1057,3011,71,'too little',83);
INSERT INTO StudentPerformance VALUES(1057,3014,153,'just enough',82);
INSERT INTO StudentPerformance VALUES(1057,3051,135,'just enough',97);
INSERT INTO StudentPerformance VALUES(1058,3057,170,'too little',96);
INSERT INTO StudentPerformance VALUES(1058,3003,193,'just enough',89);
INSERT INTO StudentPerformance VALUES(1058,3028,131,'too little',74);
INSERT INTO StudentPerformance VALUES(1058,3029,75,'too little',82);
INSERT INTO StudentPerformance VALUES(1058,3002,49,'too little',89);
INSERT INTO StudentPerformance VALUES(1058,3050,140,'too little',92);
INSERT INTO StudentPerformance VALUES(1058,3035,192,'too much',77);
INSERT INTO StudentPerformance VALUES(1058,3019,151,'too much',96);
INSERT INTO StudentPerformance VALUES(1058,3054,95,'too little',92);
INSERT INTO StudentPerformance VALUES(1058,3004,36,'just enough',57);
INSERT INTO StudentPerformance VALUES(1058,3047,161,'too much',68);
INSERT INTO StudentPerformance VALUES(1058,3058,53,'too little',100);
INSERT INTO StudentPerformance VALUES(1059,3045,56,'just enough',64);
INSERT INTO StudentPerformance VALUES(1059,3009,156,'too little',68);
INSERT INTO StudentPerformance VALUES(1059,3019,60,'too little',62);
INSERT INTO StudentPerformance VALUES(1059,3038,122,'too much',84);
INSERT INTO StudentPerformance VALUES(1059,3013,157,'just enough',56);
INSERT INTO StudentPerformance VALUES(1059,3018,146,'too little',85);
INSERT INTO StudentPerformance VALUES(1059,3037,97,'too little',77);
INSERT INTO StudentPerformance VALUES(1059,3058,72,'too much',53);
INSERT INTO StudentPerformance VALUES(1059,3050,1,'too much',99);
INSERT INTO StudentPerformance VALUES(1059,3053,45,'just enough',100);
INSERT INTO StudentPerformance VALUES(1059,3014,153,'too much',72);
INSERT INTO StudentPerformance VALUES(1059,3033,147,'too little',81);
INSERT INTO StudentPerformance VALUES(1060,3041,96,'just enough',73);
INSERT INTO StudentPerformance VALUES(1060,3033,122,'too little',89);
INSERT INTO StudentPerformance VALUES(1060,3048,186,'too little',65);
INSERT INTO StudentPerformance VALUES(1060,3017,4,'too little',62);
INSERT INTO StudentPerformance VALUES(1060,3006,104,'just enough',73);
INSERT INTO StudentPerformance VALUES(1060,3059,133,'too little',93);
INSERT INTO StudentPerformance VALUES(1060,3045,5,'just enough',73);
INSERT INTO StudentPerformance VALUES(1060,3021,64,'too much',67);
INSERT INTO StudentPerformance VALUES(1060,3057,197,'too little',93);
INSERT INTO StudentPerformance VALUES(1060,3027,32,'just enough',72);
INSERT INTO StudentPerformance VALUES(1060,3013,58,'just enough',84);
INSERT INTO StudentPerformance VALUES(1060,3032,103,'too little',84);
INSERT INTO StudentPerformance VALUES(1061,3006,81,'too little',53);
INSERT INTO StudentPerformance VALUES(1061,3023,14,'too little',70);
INSERT INTO StudentPerformance VALUES(1061,3014,41,'too little',76);
INSERT INTO StudentPerformance VALUES(1061,3051,42,'too little',94);
INSERT INTO StudentPerformance VALUES(1061,3009,34,'too little',55);
INSERT INTO StudentPerformance VALUES(1061,3043,94,'just enough',91);
INSERT INTO StudentPerformance VALUES(1061,3001,70,'just enough',79);
INSERT INTO StudentPerformance VALUES(1061,3056,47,'too much',87);
INSERT INTO StudentPerformance VALUES(1061,3059,30,'too little',55);
INSERT INTO StudentPerformance VALUES(1061,3052,7,'just enough',97);
INSERT INTO StudentPerformance VALUES(1061,3053,167,'too much',82);
INSERT INTO StudentPerformance VALUES(1061,3002,105,'too much',51);
INSERT INTO StudentPerformance VALUES(1062,3048,49,'too much',94);
INSERT INTO StudentPerformance VALUES(1062,3015,96,'too little',82);
INSERT INTO StudentPerformance VALUES(1062,3008,165,'too much',78);
INSERT INTO StudentPerformance VALUES(1062,3004,173,'just enough',99);
INSERT INTO StudentPerformance VALUES(1062,3033,42,'too little',95);
INSERT INTO StudentPerformance VALUES(1062,3053,156,'just enough',89);
INSERT INTO StudentPerformance VALUES(1062,3055,53,'too little',54);
INSERT INTO StudentPerformance VALUES(1062,3023,9,'too much',88);
INSERT INTO StudentPerformance VALUES(1062,3042,52,'too little',100);
INSERT INTO StudentPerformance VALUES(1062,3018,195,'too little',50);
INSERT INTO StudentPerformance VALUES(1062,3040,70,'just enough',71);
INSERT INTO StudentPerformance VALUES(1062,3002,185,'too much',92);
INSERT INTO StudentPerformance VALUES(1063,3006,157,'just enough',68);
INSERT INTO StudentPerformance VALUES(1063,3024,148,'too little',74);
INSERT INTO StudentPerformance VALUES(1063,3021,137,'too little',61);
INSERT INTO StudentPerformance VALUES(1063,3055,173,'just enough',89);
INSERT INTO StudentPerformance VALUES(1063,3059,175,'just enough',89);
INSERT INTO StudentPerformance VALUES(1063,3041,118,'too little',90);
INSERT INTO StudentPerformance VALUES(1063,3052,127,'too little',87);
INSERT INTO StudentPerformance VALUES(1063,3042,34,'too little',71);
INSERT INTO StudentPerformance VALUES(1063,3040,39,'too much',53);
INSERT INTO StudentPerformance VALUES(1063,3028,39,'too little',65);
INSERT INTO StudentPerformance VALUES(1063,3054,18,'too much',98);
INSERT INTO StudentPerformance VALUES(1063,3017,28,'just enough',99);
INSERT INTO StudentPerformance VALUES(1064,3046,94,'just enough',96);
INSERT INTO StudentPerformance VALUES(1064,3013,81,'just enough',80);
INSERT INTO StudentPerformance VALUES(1064,3035,147,'too little',72);
INSERT INTO StudentPerformance VALUES(1064,3022,47,'just enough',75);
INSERT INTO StudentPerformance VALUES(1064,3049,122,'too little',90);
INSERT INTO StudentPerformance VALUES(1064,3039,152,'too much',95);
INSERT INTO StudentPerformance VALUES(1064,3008,168,'too much',55);
INSERT INTO StudentPerformance VALUES(1064,3027,122,'too much',64);
INSERT INTO StudentPerformance VALUES(1064,3020,130,'just enough',94);
INSERT INTO StudentPerformance VALUES(1064,3052,105,'too little',100);
INSERT INTO StudentPerformance VALUES(1064,3011,93,'too little',66);
INSERT INTO StudentPerformance VALUES(1064,3026,44,'too little',84);
INSERT INTO StudentPerformance VALUES(1065,3005,83,'just enough',59);
INSERT INTO StudentPerformance VALUES(1065,3016,76,'too little',64);
INSERT INTO StudentPerformance VALUES(1065,3022,19,'too little',78);
INSERT INTO StudentPerformance VALUES(1065,3010,2,'too little',62);
INSERT INTO StudentPerformance VALUES(1065,3018,117,'too much',66);
INSERT INTO StudentPerformance VALUES(1065,3035,89,'too little',54);
INSERT INTO StudentPerformance VALUES(1065,3028,128,'too much',54);
INSERT INTO StudentPerformance VALUES(1065,3027,130,'too little',86);
INSERT INTO StudentPerformance VALUES(1065,3048,94,'just enough',73);
INSERT INTO StudentPerformance VALUES(1065,3053,193,'too little',58);
INSERT INTO StudentPerformance VALUES(1065,3049,31,'just enough',54);
INSERT INTO StudentPerformance VALUES(1065,3012,121,'too much',69);
INSERT INTO StudentPerformance VALUES(1066,3002,188,'just enough',91);
INSERT INTO StudentPerformance VALUES(1066,3032,31,'too much',53);
INSERT INTO StudentPerformance VALUES(1066,3018,198,'too much',50);
INSERT INTO StudentPerformance VALUES(1066,3008,104,'just enough',53);
INSERT INTO StudentPerformance VALUES(1066,3028,157,'too much',85);
INSERT INTO StudentPerformance VALUES(1066,3047,6,'just enough',62);
INSERT INTO StudentPerformance VALUES(1066,3017,127,'just enough',86);
INSERT INTO StudentPerformance VALUES(1066,3037,12,'too little',53);
INSERT INTO StudentPerformance VALUES(1066,3057,98,'just enough',82);
INSERT INTO StudentPerformance VALUES(1066,3053,45,'just enough',54);
INSERT INTO StudentPerformance VALUES(1066,3025,177,'too much',89);
INSERT INTO StudentPerformance VALUES(1066,3009,25,'just enough',68);
INSERT INTO StudentPerformance VALUES(1067,3029,35,'too much',66);
INSERT INTO StudentPerformance VALUES(1067,3027,199,'too little',92);
INSERT INTO StudentPerformance VALUES(1067,3034,151,'just enough',56);
INSERT INTO StudentPerformance VALUES(1067,3020,72,'too much',64);
INSERT INTO StudentPerformance VALUES(1067,3003,102,'just enough',88);
INSERT INTO StudentPerformance VALUES(1067,3036,25,'too little',67);
INSERT INTO StudentPerformance VALUES(1067,3058,122,'too much',52);
INSERT INTO StudentPerformance VALUES(1067,3025,120,'just enough',93);
INSERT INTO StudentPerformance VALUES(1067,3019,30,'too much',94);
INSERT INTO StudentPerformance VALUES(1067,3056,194,'too much',58);
INSERT INTO StudentPerformance VALUES(1067,3026,2,'too much',52);
INSERT INTO StudentPerformance VALUES(1067,3018,142,'too much',96);
INSERT INTO StudentPerformance VALUES(1068,3040,95,'just enough',90);
INSERT INTO StudentPerformance VALUES(1068,3015,57,'too much',62);
INSERT INTO StudentPerformance VALUES(1068,3049,128,'just enough',84);
INSERT INTO StudentPerformance VALUES(1068,3057,17,'just enough',59);
INSERT INTO StudentPerformance VALUES(1068,3053,52,'too much',77);
INSERT INTO StudentPerformance VALUES(1068,3055,16,'too little',89);
INSERT INTO StudentPerformance VALUES(1068,3027,33,'just enough',86);
INSERT INTO StudentPerformance VALUES(1068,3036,97,'just enough',76);
INSERT INTO StudentPerformance VALUES(1068,3002,71,'too much',95);
INSERT INTO StudentPerformance VALUES(1068,3011,75,'too little',60);
INSERT INTO StudentPerformance VALUES(1068,3059,74,'just enough',79);
INSERT INTO StudentPerformance VALUES(1068,3026,109,'just enough',56);
INSERT INTO StudentPerformance VALUES(1069,3055,100,'just enough',68);
INSERT INTO StudentPerformance VALUES(1069,3043,194,'just enough',66);
INSERT INTO StudentPerformance VALUES(1069,3018,155,'too little',51);
INSERT INTO StudentPerformance VALUES(1069,3050,123,'just enough',98);
INSERT INTO StudentPerformance VALUES(1069,3013,143,'just enough',63);
INSERT INTO StudentPerformance VALUES(1069,3057,12,'just enough',74);
INSERT INTO StudentPerformance VALUES(1069,3035,194,'too little',65);
INSERT INTO StudentPerformance VALUES(1069,3052,149,'just enough',93);
INSERT INTO StudentPerformance VALUES(1069,3041,79,'just enough',54);
INSERT INTO StudentPerformance VALUES(1069,3039,37,'too little',53);
INSERT INTO StudentPerformance VALUES(1069,3036,76,'too much',91);
INSERT INTO StudentPerformance VALUES(1069,3016,196,'too little',81);
INSERT INTO StudentPerformance VALUES(1070,3017,183,'just enough',80);
INSERT INTO StudentPerformance VALUES(1070,3005,158,'too little',68);
INSERT INTO StudentPerformance VALUES(1070,3043,27,'just enough',92);
INSERT INTO StudentPerformance VALUES(1070,3052,1,'too little',83);
INSERT INTO StudentPerformance VALUES(1070,3014,113,'just enough',50);
INSERT INTO StudentPerformance VALUES(1070,3036,92,'too much',74);
INSERT INTO StudentPerformance VALUES(1070,3002,181,'too much',63);
INSERT INTO StudentPerformance VALUES(1070,3047,93,'too little',80);
INSERT INTO StudentPerformance VALUES(1070,3000,38,'just enough',66);
INSERT INTO StudentPerformance VALUES(1070,3012,15,'just enough',61);
INSERT INTO StudentPerformance VALUES(1070,3018,174,'just enough',96);
INSERT INTO StudentPerformance VALUES(1070,3056,67,'just enough',88);
INSERT INTO StudentPerformance VALUES(1071,3037,87,'just enough',57);
INSERT INTO StudentPerformance VALUES(1071,3047,2,'too little',51);
INSERT INTO StudentPerformance VALUES(1071,3020,97,'too much',58);
INSERT INTO StudentPerformance VALUES(1071,3007,47,'too little',50);
INSERT INTO StudentPerformance VALUES(1071,3013,146,'too little',88);
INSERT INTO StudentPerformance VALUES(1071,3032,66,'too much',52);
INSERT INTO StudentPerformance VALUES(1071,3040,144,'too much',70);
INSERT INTO StudentPerformance VALUES(1071,3014,115,'too little',51);
INSERT INTO StudentPerformance VALUES(1071,3022,113,'too much',58);
INSERT INTO StudentPerformance VALUES(1071,3049,105,'too little',87);
INSERT INTO StudentPerformance VALUES(1071,3029,163,'too little',98);
INSERT INTO StudentPerformance VALUES(1071,3023,100,'just enough',98);
INSERT INTO StudentPerformance VALUES(1072,3047,59,'too much',89);
INSERT INTO StudentPerformance VALUES(1072,3002,9,'too little',98);
INSERT INTO StudentPerformance VALUES(1072,3025,66,'too much',81);
INSERT INTO StudentPerformance VALUES(1072,3029,146,'too much',71);
INSERT INTO StudentPerformance VALUES(1072,3034,187,'just enough',74);
INSERT INTO StudentPerformance VALUES(1072,3032,130,'too much',53);
INSERT INTO StudentPerformance VALUES(1072,3031,167,'just enough',52);
INSERT INTO StudentPerformance VALUES(1072,3040,114,'too little',51);
INSERT INTO StudentPerformance VALUES(1072,3023,78,'too much',76);
INSERT INTO StudentPerformance VALUES(1072,3046,35,'too much',57);
INSERT INTO StudentPerformance VALUES(1072,3016,2,'just enough',74);
INSERT INTO StudentPerformance VALUES(1072,3030,95,'too little',52);
INSERT INTO StudentPerformance VALUES(1073,3001,59,'too little',97);
INSERT INTO StudentPerformance VALUES(1073,3019,102,'too little',93);
INSERT INTO StudentPerformance VALUES(1073,3044,175,'just enough',90);
INSERT INTO StudentPerformance VALUES(1073,3006,13,'just enough',56);
INSERT INTO StudentPerformance VALUES(1073,3016,163,'too much',51);
INSERT INTO StudentPerformance VALUES(1073,3009,170,'too much',99);
INSERT INTO StudentPerformance VALUES(1073,3020,47,'too much',93);
INSERT INTO StudentPerformance VALUES(1073,3054,199,'too much',83);
INSERT INTO StudentPerformance VALUES(1073,3008,200,'just enough',73);
INSERT INTO StudentPerformance VALUES(1073,3024,24,'just enough',72);
INSERT INTO StudentPerformance VALUES(1073,3031,121,'too little',83);
INSERT INTO StudentPerformance VALUES(1073,3005,164,'too little',81);
INSERT INTO StudentPerformance VALUES(1074,3006,96,'too little',84);
INSERT INTO StudentPerformance VALUES(1074,3019,150,'too much',59);
INSERT INTO StudentPerformance VALUES(1074,3027,99,'just enough',93);
INSERT INTO StudentPerformance VALUES(1074,3047,88,'too much',59);
INSERT INTO StudentPerformance VALUES(1074,3045,119,'too little',65);
INSERT INTO StudentPerformance VALUES(1074,3036,85,'just enough',90);
INSERT INTO StudentPerformance VALUES(1074,3023,200,'just enough',64);
INSERT INTO StudentPerformance VALUES(1074,3001,117,'just enough',60);
INSERT INTO StudentPerformance VALUES(1074,3044,28,'too much',68);
INSERT INTO StudentPerformance VALUES(1074,3029,12,'too little',87);
INSERT INTO StudentPerformance VALUES(1074,3009,167,'too little',64);
INSERT INTO StudentPerformance VALUES(1074,3008,58,'just enough',92);
INSERT INTO StudentPerformance VALUES(1075,3050,135,'just enough',100);
INSERT INTO StudentPerformance VALUES(1075,3042,88,'just enough',88);
INSERT INTO StudentPerformance VALUES(1075,3018,137,'too much',67);
INSERT INTO StudentPerformance VALUES(1075,3025,99,'just enough',94);
INSERT INTO StudentPerformance VALUES(1075,3038,173,'too little',64);
INSERT INTO StudentPerformance VALUES(1075,3023,135,'too little',100);
INSERT INTO StudentPerformance VALUES(1075,3006,188,'just enough',61);
INSERT INTO StudentPerformance VALUES(1075,3048,189,'too little',56);
INSERT INTO StudentPerformance VALUES(1075,3039,140,'too much',98);
INSERT INTO StudentPerformance VALUES(1075,3059,193,'too much',82);
INSERT INTO StudentPerformance VALUES(1075,3014,84,'too much',84);
INSERT INTO StudentPerformance VALUES(1075,3044,106,'just enough',52);
INSERT INTO StudentPerformance VALUES(1076,3007,162,'just enough',71);
INSERT INTO StudentPerformance VALUES(1076,3053,105,'too little',82);
INSERT INTO StudentPerformance VALUES(1076,3031,159,'just enough',62);
INSERT INTO StudentPerformance VALUES(1076,3045,185,'too little',79);
INSERT INTO StudentPerformance VALUES(1076,3048,16,'too little',77);
INSERT INTO StudentPerformance VALUES(1076,3016,127,'too little',65);
INSERT INTO StudentPerformance VALUES(1076,3009,15,'too little',83);
INSERT INTO StudentPerformance VALUES(1076,3050,148,'too much',66);
INSERT INTO StudentPerformance VALUES(1076,3058,116,'too little',96);
INSERT INTO StudentPerformance VALUES(1076,3041,54,'too much',74);
INSERT INTO StudentPerformance VALUES(1076,3011,24,'too little',88);
INSERT INTO StudentPerformance VALUES(1076,3015,183,'too much',75);
INSERT INTO StudentPerformance VALUES(1077,3008,136,'just enough',97);
INSERT INTO StudentPerformance VALUES(1077,3010,29,'too much',58);
INSERT INTO StudentPerformance VALUES(1077,3014,37,'too much',71);
INSERT INTO StudentPerformance VALUES(1077,3050,194,'too little',63);
INSERT INTO StudentPerformance VALUES(1077,3057,173,'too little',98);
INSERT INTO StudentPerformance VALUES(1077,3035,193,'just enough',73);
INSERT INTO StudentPerformance VALUES(1077,3044,59,'too much',85);
INSERT INTO StudentPerformance VALUES(1077,3009,169,'just enough',50);
INSERT INTO StudentPerformance VALUES(1077,3036,138,'just enough',61);
INSERT INTO StudentPerformance VALUES(1077,3055,89,'too much',58);
INSERT INTO StudentPerformance VALUES(1077,3031,135,'too little',77);
INSERT INTO StudentPerformance VALUES(1077,3053,184,'too little',89);
INSERT INTO StudentPerformance VALUES(1078,3007,133,'just enough',80);
INSERT INTO StudentPerformance VALUES(1078,3059,60,'just enough',53);
INSERT INTO StudentPerformance VALUES(1078,3039,128,'too much',61);
INSERT INTO StudentPerformance VALUES(1078,3021,167,'too little',64);
INSERT INTO StudentPerformance VALUES(1078,3054,126,'too much',58);
INSERT INTO StudentPerformance VALUES(1078,3005,23,'too much',78);
INSERT INTO StudentPerformance VALUES(1078,3006,163,'just enough',90);
INSERT INTO StudentPerformance VALUES(1078,3009,180,'just enough',96);
INSERT INTO StudentPerformance VALUES(1078,3029,148,'just enough',54);
INSERT INTO StudentPerformance VALUES(1078,3050,168,'too much',93);
INSERT INTO StudentPerformance VALUES(1078,3044,68,'too much',68);
INSERT INTO StudentPerformance VALUES(1078,3022,140,'just enough',57);
INSERT INTO StudentPerformance VALUES(1079,3056,33,'just enough',99);
INSERT INTO StudentPerformance VALUES(1079,3012,11,'just enough',72);
INSERT INTO StudentPerformance VALUES(1079,3059,176,'just enough',65);
INSERT INTO StudentPerformance VALUES(1079,3040,135,'too little',51);
INSERT INTO StudentPerformance VALUES(1079,3017,7,'too little',59);
INSERT INTO StudentPerformance VALUES(1079,3002,19,'too much',85);
INSERT INTO StudentPerformance VALUES(1079,3030,148,'just enough',63);
INSERT INTO StudentPerformance VALUES(1079,3052,46,'too much',70);
INSERT INTO StudentPerformance VALUES(1079,3036,82,'just enough',59);
INSERT INTO StudentPerformance VALUES(1079,3045,180,'just enough',74);
INSERT INTO StudentPerformance VALUES(1079,3054,24,'too much',53);
INSERT INTO StudentPerformance VALUES(1079,3008,93,'too little',69);
INSERT INTO StudentPerformance VALUES(1080,3045,83,'just enough',90);
INSERT INTO StudentPerformance VALUES(1080,3033,74,'too much',73);
INSERT INTO StudentPerformance VALUES(1080,3008,161,'just enough',54);
INSERT INTO StudentPerformance VALUES(1080,3009,152,'too much',51);
INSERT INTO StudentPerformance VALUES(1080,3006,82,'too much',85);
INSERT INTO StudentPerformance VALUES(1080,3037,41,'just enough',57);
INSERT INTO StudentPerformance VALUES(1080,3049,25,'too little',72);
INSERT INTO StudentPerformance VALUES(1080,3021,191,'too much',76);
INSERT INTO StudentPerformance VALUES(1080,3013,71,'just enough',74);
INSERT INTO StudentPerformance VALUES(1080,3042,173,'just enough',98);
INSERT INTO StudentPerformance VALUES(1080,3056,156,'too much',63);
INSERT INTO StudentPerformance VALUES(1080,3058,103,'too little',71);
INSERT INTO StudentPerformance VALUES(1081,3041,43,'too little',70);
INSERT INTO StudentPerformance VALUES(1081,3047,90,'too little',86);
INSERT INTO StudentPerformance VALUES(1081,3013,139,'too little',97);
INSERT INTO StudentPerformance VALUES(1081,3056,33,'too little',76);
INSERT INTO StudentPerformance VALUES(1081,3017,47,'too little',88);
INSERT INTO StudentPerformance VALUES(1081,3057,180,'too much',63);
INSERT INTO StudentPerformance VALUES(1081,3020,51,'too little',64);
INSERT INTO StudentPerformance VALUES(1081,3043,152,'too much',100);
INSERT INTO StudentPerformance VALUES(1081,3039,78,'too much',100);
INSERT INTO StudentPerformance VALUES(1081,3032,52,'just enough',55);
INSERT INTO StudentPerformance VALUES(1081,3018,17,'just enough',72);
INSERT INTO StudentPerformance VALUES(1081,3052,75,'too little',58);
INSERT INTO StudentPerformance VALUES(1082,3004,195,'just enough',99);
INSERT INTO StudentPerformance VALUES(1082,3005,22,'too much',65);
INSERT INTO StudentPerformance VALUES(1082,3017,102,'too little',69);
INSERT INTO StudentPerformance VALUES(1082,3011,118,'too much',58);
INSERT INTO StudentPerformance VALUES(1082,3052,197,'too much',78);
INSERT INTO StudentPerformance VALUES(1082,3041,122,'too little',93);
INSERT INTO StudentPerformance VALUES(1082,3007,37,'just enough',99);
INSERT INTO StudentPerformance VALUES(1082,3027,42,'too little',71);
INSERT INTO StudentPerformance VALUES(1082,3038,25,'too much',72);
INSERT INTO StudentPerformance VALUES(1082,3051,189,'just enough',52);
INSERT INTO StudentPerformance VALUES(1082,3028,69,'too much',71);
INSERT INTO StudentPerformance VALUES(1082,3008,89,'just enough',65);
INSERT INTO StudentPerformance VALUES(1083,3036,5,'too much',63);
INSERT INTO StudentPerformance VALUES(1083,3022,167,'just enough',53);
INSERT INTO StudentPerformance VALUES(1083,3015,88,'just enough',97);
INSERT INTO StudentPerformance VALUES(1083,3058,115,'too little',78);
INSERT INTO StudentPerformance VALUES(1083,3012,80,'just enough',74);
INSERT INTO StudentPerformance VALUES(1083,3002,77,'too much',54);
INSERT INTO StudentPerformance VALUES(1083,3053,8,'too little',90);
INSERT INTO StudentPerformance VALUES(1083,3049,129,'just enough',86);
INSERT INTO StudentPerformance VALUES(1083,3006,153,'just enough',60);
INSERT INTO StudentPerformance VALUES(1083,3048,10,'just enough',71);
INSERT INTO StudentPerformance VALUES(1083,3027,6,'just enough',84);
INSERT INTO StudentPerformance VALUES(1083,3034,139,'too little',81);
INSERT INTO StudentPerformance VALUES(1084,3053,60,'just enough',96);
INSERT INTO StudentPerformance VALUES(1084,3052,156,'just enough',66);
INSERT INTO StudentPerformance VALUES(1084,3048,67,'too much',72);
INSERT INTO StudentPerformance VALUES(1084,3038,166,'just enough',76);
INSERT INTO StudentPerformance VALUES(1084,3058,154,'just enough',52);
INSERT INTO StudentPerformance VALUES(1084,3032,135,'just enough',58);
INSERT INTO StudentPerformance VALUES(1084,3014,42,'too little',100);
INSERT INTO StudentPerformance VALUES(1084,3040,16,'just enough',53);
INSERT INTO StudentPerformance VALUES(1084,3057,115,'too little',89);
INSERT INTO StudentPerformance VALUES(1084,3054,39,'too much',83);
INSERT INTO StudentPerformance VALUES(1084,3037,71,'too little',66);
INSERT INTO StudentPerformance VALUES(1084,3003,141,'too much',68);
INSERT INTO StudentPerformance VALUES(1085,3023,24,'just enough',55);
INSERT INTO StudentPerformance VALUES(1085,3020,17,'too little',85);
INSERT INTO StudentPerformance VALUES(1085,3008,124,'too much',92);
INSERT INTO StudentPerformance VALUES(1085,3030,15,'just enough',53);
INSERT INTO StudentPerformance VALUES(1085,3018,6,'just enough',64);
INSERT INTO StudentPerformance VALUES(1085,3031,130,'too little',63);
INSERT INTO StudentPerformance VALUES(1085,3022,63,'too little',63);
INSERT INTO StudentPerformance VALUES(1085,3040,83,'too much',74);
INSERT INTO StudentPerformance VALUES(1085,3055,51,'too little',66);
INSERT INTO StudentPerformance VALUES(1085,3006,112,'just enough',97);
INSERT INTO StudentPerformance VALUES(1085,3054,163,'too much',74);
INSERT INTO StudentPerformance VALUES(1085,3000,164,'just enough',54);
INSERT INTO StudentPerformance VALUES(1086,3023,9,'just enough',73);
INSERT INTO StudentPerformance VALUES(1086,3018,164,'too little',61);
INSERT INTO StudentPerformance VALUES(1086,3040,80,'too little',100);
INSERT INTO StudentPerformance VALUES(1086,3029,56,'too much',92);
INSERT INTO StudentPerformance VALUES(1086,3056,189,'too little',74);
INSERT INTO StudentPerformance VALUES(1086,3033,91,'too little',51);
INSERT INTO StudentPerformance VALUES(1086,3015,20,'too much',67);
INSERT INTO StudentPerformance VALUES(1086,3005,180,'just enough',60);
INSERT INTO StudentPerformance VALUES(1086,3030,189,'too much',96);
INSERT INTO StudentPerformance VALUES(1086,3019,50,'too little',60);
INSERT INTO StudentPerformance VALUES(1086,3037,5,'too much',69);
INSERT INTO StudentPerformance VALUES(1086,3010,4,'just enough',74);
INSERT INTO StudentPerformance VALUES(1087,3048,23,'just enough',52);
INSERT INTO StudentPerformance VALUES(1087,3059,74,'too little',96);
INSERT INTO StudentPerformance VALUES(1087,3025,106,'too little',81);
INSERT INTO StudentPerformance VALUES(1087,3006,13,'just enough',72);
INSERT INTO StudentPerformance VALUES(1087,3001,142,'too little',97);
INSERT INTO StudentPerformance VALUES(1087,3049,187,'just enough',65);
INSERT INTO StudentPerformance VALUES(1087,3039,200,'just enough',68);
INSERT INTO StudentPerformance VALUES(1087,3004,35,'too little',92);
INSERT INTO StudentPerformance VALUES(1087,3038,169,'too much',53);
INSERT INTO StudentPerformance VALUES(1087,3018,154,'just enough',85);
INSERT INTO StudentPerformance VALUES(1087,3040,194,'just enough',61);
INSERT INTO StudentPerformance VALUES(1087,3031,16,'too little',88);
INSERT INTO StudentPerformance VALUES(1088,3042,61,'too much',69);
INSERT INTO StudentPerformance VALUES(1088,3031,146,'too much',73);
INSERT INTO StudentPerformance VALUES(1088,3009,156,'too much',60);
INSERT INTO StudentPerformance VALUES(1088,3038,28,'too little',68);
INSERT INTO StudentPerformance VALUES(1088,3045,128,'just enough',84);
INSERT INTO StudentPerformance VALUES(1088,3022,179,'too little',67);
INSERT INTO StudentPerformance VALUES(1088,3015,152,'just enough',90);
INSERT INTO StudentPerformance VALUES(1088,3025,31,'too much',86);
INSERT INTO StudentPerformance VALUES(1088,3030,148,'too little',83);
INSERT INTO StudentPerformance VALUES(1088,3001,141,'too little',54);
INSERT INTO StudentPerformance VALUES(1088,3017,80,'too much',94);
INSERT INTO StudentPerformance VALUES(1088,3016,140,'just enough',57);
INSERT INTO StudentPerformance VALUES(1089,3001,23,'too little',65);
INSERT INTO StudentPerformance VALUES(1089,3040,30,'too much',54);
INSERT INTO StudentPerformance VALUES(1089,3058,47,'just enough',53);
INSERT INTO StudentPerformance VALUES(1089,3032,90,'just enough',55);
INSERT INTO StudentPerformance VALUES(1089,3008,82,'too much',56);
INSERT INTO StudentPerformance VALUES(1089,3011,47,'too little',80);
INSERT INTO StudentPerformance VALUES(1089,3047,28,'too little',68);
INSERT INTO StudentPerformance VALUES(1089,3009,188,'just enough',82);
INSERT INTO StudentPerformance VALUES(1089,3029,169,'just enough',79);
INSERT INTO StudentPerformance VALUES(1089,3035,128,'just enough',100);
INSERT INTO StudentPerformance VALUES(1089,3028,27,'too much',79);
INSERT INTO StudentPerformance VALUES(1089,3012,84,'too much',56);
INSERT INTO StudentPerformance VALUES(1090,3051,182,'too much',89);
INSERT INTO StudentPerformance VALUES(1090,3027,113,'too little',64);
INSERT INTO StudentPerformance VALUES(1090,3014,133,'too much',58);
INSERT INTO StudentPerformance VALUES(1090,3047,184,'too much',51);
INSERT INTO StudentPerformance VALUES(1090,3030,168,'too much',73);
INSERT INTO StudentPerformance VALUES(1090,3025,113,'too little',91);
INSERT INTO StudentPerformance VALUES(1090,3039,134,'too much',94);
INSERT INTO StudentPerformance VALUES(1090,3035,36,'just enough',71);
INSERT INTO StudentPerformance VALUES(1090,3040,67,'too little',100);
INSERT INTO StudentPerformance VALUES(1090,3028,47,'just enough',72);
INSERT INTO StudentPerformance VALUES(1090,3008,107,'too little',66);
INSERT INTO StudentPerformance VALUES(1090,3050,35,'just enough',79);
INSERT INTO StudentPerformance VALUES(1091,3026,195,'too little',69);
INSERT INTO StudentPerformance VALUES(1091,3019,120,'too much',84);
INSERT INTO StudentPerformance VALUES(1091,3048,36,'too much',50);
INSERT INTO StudentPerformance VALUES(1091,3017,190,'too much',87);
INSERT INTO StudentPerformance VALUES(1091,3045,5,'too little',94);
INSERT INTO StudentPerformance VALUES(1091,3044,14,'just enough',53);
INSERT INTO StudentPerformance VALUES(1091,3040,96,'just enough',98);
INSERT INTO StudentPerformance VALUES(1091,3038,78,'too little',99);
INSERT INTO StudentPerformance VALUES(1091,3029,90,'too little',92);
INSERT INTO StudentPerformance VALUES(1091,3059,23,'just enough',79);
INSERT INTO StudentPerformance VALUES(1091,3032,193,'just enough',52);
INSERT INTO StudentPerformance VALUES(1091,3034,99,'too little',74);
INSERT INTO StudentPerformance VALUES(1092,3017,102,'just enough',82);
INSERT INTO StudentPerformance VALUES(1092,3048,184,'just enough',85);
INSERT INTO StudentPerformance VALUES(1092,3021,87,'too much',54);
INSERT INTO StudentPerformance VALUES(1092,3026,76,'just enough',60);
INSERT INTO StudentPerformance VALUES(1092,3047,14,'too little',66);
INSERT INTO StudentPerformance VALUES(1092,3055,121,'just enough',73);
INSERT INTO StudentPerformance VALUES(1092,3000,68,'just enough',84);
INSERT INTO StudentPerformance VALUES(1092,3037,124,'just enough',100);
INSERT INTO StudentPerformance VALUES(1092,3013,91,'too little',66);
INSERT INTO StudentPerformance VALUES(1092,3010,22,'too little',52);
INSERT INTO StudentPerformance VALUES(1092,3022,114,'too much',56);
INSERT INTO StudentPerformance VALUES(1092,3027,138,'just enough',64);
INSERT INTO StudentPerformance VALUES(1093,3004,99,'too little',66);
INSERT INTO StudentPerformance VALUES(1093,3039,86,'too much',90);
INSERT INTO StudentPerformance VALUES(1093,3035,187,'just enough',68);
INSERT INTO StudentPerformance VALUES(1093,3014,55,'too little',94);
INSERT INTO StudentPerformance VALUES(1093,3020,43,'just enough',74);
INSERT INTO StudentPerformance VALUES(1093,3056,158,'just enough',84);
INSERT INTO StudentPerformance VALUES(1093,3053,190,'too much',84);
INSERT INTO StudentPerformance VALUES(1093,3034,96,'just enough',67);
INSERT INTO StudentPerformance VALUES(1093,3028,86,'too much',67);
INSERT INTO StudentPerformance VALUES(1093,3024,165,'too little',54);
INSERT INTO StudentPerformance VALUES(1093,3016,30,'just enough',50);
INSERT INTO StudentPerformance VALUES(1093,3002,165,'too much',61);
INSERT INTO StudentPerformance VALUES(1094,3048,130,'just enough',96);
INSERT INTO StudentPerformance VALUES(1094,3016,137,'just enough',92);
INSERT INTO StudentPerformance VALUES(1094,3019,112,'too much',91);
INSERT INTO StudentPerformance VALUES(1094,3058,15,'too little',81);
INSERT INTO StudentPerformance VALUES(1094,3054,5,'too much',53);
INSERT INTO StudentPerformance VALUES(1094,3007,2,'too much',75);
INSERT INTO StudentPerformance VALUES(1094,3034,151,'just enough',77);
INSERT INTO StudentPerformance VALUES(1094,3055,188,'too much',89);
INSERT INTO StudentPerformance VALUES(1094,3037,129,'too little',66);
INSERT INTO StudentPerformance VALUES(1094,3033,124,'too much',67);
INSERT INTO StudentPerformance VALUES(1094,3051,27,'just enough',97);
INSERT INTO StudentPerformance VALUES(1094,3043,51,'just enough',63);
INSERT INTO StudentPerformance VALUES(1095,3025,8,'just enough',53);
INSERT INTO StudentPerformance VALUES(1095,3043,150,'just enough',68);
INSERT INTO StudentPerformance VALUES(1095,3033,146,'too little',70);
INSERT INTO StudentPerformance VALUES(1095,3031,179,'just enough',59);
INSERT INTO StudentPerformance VALUES(1095,3016,127,'just enough',60);
INSERT INTO StudentPerformance VALUES(1095,3029,149,'too much',72);
INSERT INTO StudentPerformance VALUES(1095,3052,22,'just enough',89);
INSERT INTO StudentPerformance VALUES(1095,3022,29,'just enough',83);
INSERT INTO StudentPerformance VALUES(1095,3026,116,'too little',70);
INSERT INTO StudentPerformance VALUES(1095,3048,39,'too much',72);
INSERT INTO StudentPerformance VALUES(1095,3057,100,'just enough',97);
INSERT INTO StudentPerformance VALUES(1095,3055,172,'too little',69);
INSERT INTO StudentPerformance VALUES(1096,3038,37,'just enough',78);
INSERT INTO StudentPerformance VALUES(1096,3044,44,'too much',81);
INSERT INTO StudentPerformance VALUES(1096,3006,109,'too little',51);
INSERT INTO StudentPerformance VALUES(1096,3009,165,'too little',56);
INSERT INTO StudentPerformance VALUES(1096,3032,91,'too little',78);
INSERT INTO StudentPerformance VALUES(1096,3046,152,'too little',60);
INSERT INTO StudentPerformance VALUES(1096,3011,156,'just enough',85);
INSERT INTO StudentPerformance VALUES(1096,3010,187,'just enough',89);
INSERT INTO StudentPerformance VALUES(1096,3017,48,'too much',64);
INSERT INTO StudentPerformance VALUES(1096,3041,33,'too much',96);
INSERT INTO StudentPerformance VALUES(1096,3028,72,'too much',69);
INSERT INTO StudentPerformance VALUES(1096,3014,67,'just enough',92);
INSERT INTO StudentPerformance VALUES(1097,3044,162,'too much',73);
INSERT INTO StudentPerformance VALUES(1097,3001,20,'just enough',63);
INSERT INTO StudentPerformance VALUES(1097,3038,145,'just enough',74);
INSERT INTO StudentPerformance VALUES(1097,3010,81,'just enough',95);
INSERT INTO StudentPerformance VALUES(1097,3006,158,'too little',84);
INSERT INTO StudentPerformance VALUES(1097,3030,57,'too much',56);
INSERT INTO StudentPerformance VALUES(1097,3015,144,'just enough',89);
INSERT INTO StudentPerformance VALUES(1097,3054,9,'just enough',68);
INSERT INTO StudentPerformance VALUES(1097,3014,134,'too much',73);
INSERT INTO StudentPerformance VALUES(1097,3009,74,'too little',86);
INSERT INTO StudentPerformance VALUES(1097,3046,72,'too much',51);
INSERT INTO StudentPerformance VALUES(1097,3019,174,'too much',50);
INSERT INTO StudentPerformance VALUES(1098,3008,97,'just enough',96);
INSERT INTO StudentPerformance VALUES(1098,3039,96,'too little',100);
INSERT INTO StudentPerformance VALUES(1098,3006,23,'too little',69);
INSERT INTO StudentPerformance VALUES(1098,3007,61,'just enough',97);
INSERT INTO StudentPerformance VALUES(1098,3043,40,'just enough',90);
INSERT INTO StudentPerformance VALUES(1098,3041,88,'too little',88);
INSERT INTO StudentPerformance VALUES(1098,3057,73,'too little',83);
INSERT INTO StudentPerformance VALUES(1098,3059,39,'just enough',90);
INSERT INTO StudentPerformance VALUES(1098,3011,167,'too little',89);
INSERT INTO StudentPerformance VALUES(1098,3058,168,'too much',96);
INSERT INTO StudentPerformance VALUES(1098,3036,25,'too much',99);
INSERT INTO StudentPerformance VALUES(1098,3045,88,'too little',55);
INSERT INTO StudentPerformance VALUES(1099,3041,66,'too much',73);
INSERT INTO StudentPerformance VALUES(1099,3038,92,'too little',72);
INSERT INTO StudentPerformance VALUES(1099,3000,108,'just enough',72);
INSERT INTO StudentPerformance VALUES(1099,3047,179,'too much',92);
INSERT INTO StudentPerformance VALUES(1099,3048,153,'just enough',67);
INSERT INTO StudentPerformance VALUES(1099,3059,36,'too much',79);
INSERT INTO StudentPerformance VALUES(1099,3024,40,'too much',68);
INSERT INTO StudentPerformance VALUES(1099,3046,24,'too little',67);
INSERT INTO StudentPerformance VALUES(1099,3004,21,'just enough',97);

-- Generate Student Course Data
INSERT INTO StudentCourses VALUES(1000,2000);
INSERT INTO StudentCourses VALUES(1000,2001);
INSERT INTO StudentCourses VALUES(1000,2002);
INSERT INTO StudentCourses VALUES(1000,2003);
INSERT INTO StudentCourses VALUES(1000,2004);
INSERT INTO StudentCourses VALUES(1001,2000);
INSERT INTO StudentCourses VALUES(1001,2001);
INSERT INTO StudentCourses VALUES(1001,2002);
INSERT INTO StudentCourses VALUES(1001,2003);
INSERT INTO StudentCourses VALUES(1001,2004);
INSERT INTO StudentCourses VALUES(1002,2000);
INSERT INTO StudentCourses VALUES(1002,2001);
INSERT INTO StudentCourses VALUES(1002,2002);
INSERT INTO StudentCourses VALUES(1002,2003);
INSERT INTO StudentCourses VALUES(1002,2004);
INSERT INTO StudentCourses VALUES(1003,2000);
INSERT INTO StudentCourses VALUES(1003,2001);
INSERT INTO StudentCourses VALUES(1003,2002);
INSERT INTO StudentCourses VALUES(1003,2003);
INSERT INTO StudentCourses VALUES(1003,2004);
INSERT INTO StudentCourses VALUES(1004,2000);
INSERT INTO StudentCourses VALUES(1004,2001);
INSERT INTO StudentCourses VALUES(1004,2002);
INSERT INTO StudentCourses VALUES(1004,2003);
INSERT INTO StudentCourses VALUES(1004,2004);
INSERT INTO StudentCourses VALUES(1005,2000);
INSERT INTO StudentCourses VALUES(1005,2001);
INSERT INTO StudentCourses VALUES(1005,2002);
INSERT INTO StudentCourses VALUES(1005,2003);
INSERT INTO StudentCourses VALUES(1005,2004);
INSERT INTO StudentCourses VALUES(1006,2000);
INSERT INTO StudentCourses VALUES(1006,2001);
INSERT INTO StudentCourses VALUES(1006,2002);
INSERT INTO StudentCourses VALUES(1006,2003);
INSERT INTO StudentCourses VALUES(1006,2004);
INSERT INTO StudentCourses VALUES(1007,2000);
INSERT INTO StudentCourses VALUES(1007,2001);
INSERT INTO StudentCourses VALUES(1007,2002);
INSERT INTO StudentCourses VALUES(1007,2003);
INSERT INTO StudentCourses VALUES(1007,2004);
INSERT INTO StudentCourses VALUES(1008,2000);
INSERT INTO StudentCourses VALUES(1008,2001);
INSERT INTO StudentCourses VALUES(1008,2002);
INSERT INTO StudentCourses VALUES(1008,2003);
INSERT INTO StudentCourses VALUES(1008,2004);
INSERT INTO StudentCourses VALUES(1009,2000);
INSERT INTO StudentCourses VALUES(1009,2001);
INSERT INTO StudentCourses VALUES(1009,2002);
INSERT INTO StudentCourses VALUES(1009,2003);
INSERT INTO StudentCourses VALUES(1009,2004);
INSERT INTO StudentCourses VALUES(1010,2000);
INSERT INTO StudentCourses VALUES(1010,2001);
INSERT INTO StudentCourses VALUES(1010,2002);
INSERT INTO StudentCourses VALUES(1010,2003);
INSERT INTO StudentCourses VALUES(1010,2004);
INSERT INTO StudentCourses VALUES(1011,2000);
INSERT INTO StudentCourses VALUES(1011,2001);
INSERT INTO StudentCourses VALUES(1011,2002);
INSERT INTO StudentCourses VALUES(1011,2003);
INSERT INTO StudentCourses VALUES(1011,2004);
INSERT INTO StudentCourses VALUES(1012,2000);
INSERT INTO StudentCourses VALUES(1012,2001);
INSERT INTO StudentCourses VALUES(1012,2002);
INSERT INTO StudentCourses VALUES(1012,2003);
INSERT INTO StudentCourses VALUES(1012,2004);
INSERT INTO StudentCourses VALUES(1013,2000);
INSERT INTO StudentCourses VALUES(1013,2001);
INSERT INTO StudentCourses VALUES(1013,2002);
INSERT INTO StudentCourses VALUES(1013,2003);
INSERT INTO StudentCourses VALUES(1013,2004);
INSERT INTO StudentCourses VALUES(1014,2000);
INSERT INTO StudentCourses VALUES(1014,2001);
INSERT INTO StudentCourses VALUES(1014,2002);
INSERT INTO StudentCourses VALUES(1014,2003);
INSERT INTO StudentCourses VALUES(1014,2004);
INSERT INTO StudentCourses VALUES(1015,2000);
INSERT INTO StudentCourses VALUES(1015,2001);
INSERT INTO StudentCourses VALUES(1015,2002);
INSERT INTO StudentCourses VALUES(1015,2003);
INSERT INTO StudentCourses VALUES(1015,2004);
INSERT INTO StudentCourses VALUES(1016,2000);
INSERT INTO StudentCourses VALUES(1016,2001);
INSERT INTO StudentCourses VALUES(1016,2002);
INSERT INTO StudentCourses VALUES(1016,2003);
INSERT INTO StudentCourses VALUES(1016,2004);
INSERT INTO StudentCourses VALUES(1017,2000);
INSERT INTO StudentCourses VALUES(1017,2001);
INSERT INTO StudentCourses VALUES(1017,2002);
INSERT INTO StudentCourses VALUES(1017,2003);
INSERT INTO StudentCourses VALUES(1017,2004);
INSERT INTO StudentCourses VALUES(1018,2000);
INSERT INTO StudentCourses VALUES(1018,2001);
INSERT INTO StudentCourses VALUES(1018,2002);
INSERT INTO StudentCourses VALUES(1018,2003);
INSERT INTO StudentCourses VALUES(1018,2004);
INSERT INTO StudentCourses VALUES(1019,2000);
INSERT INTO StudentCourses VALUES(1019,2001);
INSERT INTO StudentCourses VALUES(1019,2002);
INSERT INTO StudentCourses VALUES(1019,2003);
INSERT INTO StudentCourses VALUES(1019,2004);
INSERT INTO StudentCourses VALUES(1020,2000);
INSERT INTO StudentCourses VALUES(1020,2001);
INSERT INTO StudentCourses VALUES(1020,2002);
INSERT INTO StudentCourses VALUES(1020,2003);
INSERT INTO StudentCourses VALUES(1020,2004);
INSERT INTO StudentCourses VALUES(1021,2000);
INSERT INTO StudentCourses VALUES(1021,2001);
INSERT INTO StudentCourses VALUES(1021,2002);
INSERT INTO StudentCourses VALUES(1021,2003);
INSERT INTO StudentCourses VALUES(1021,2004);
INSERT INTO StudentCourses VALUES(1022,2000);
INSERT INTO StudentCourses VALUES(1022,2001);
INSERT INTO StudentCourses VALUES(1022,2002);
INSERT INTO StudentCourses VALUES(1022,2003);
INSERT INTO StudentCourses VALUES(1022,2004);
INSERT INTO StudentCourses VALUES(1023,2000);
INSERT INTO StudentCourses VALUES(1023,2001);
INSERT INTO StudentCourses VALUES(1023,2002);
INSERT INTO StudentCourses VALUES(1023,2003);
INSERT INTO StudentCourses VALUES(1023,2004);
INSERT INTO StudentCourses VALUES(1024,2000);
INSERT INTO StudentCourses VALUES(1024,2001);
INSERT INTO StudentCourses VALUES(1024,2002);
INSERT INTO StudentCourses VALUES(1024,2003);
INSERT INTO StudentCourses VALUES(1024,2004);
INSERT INTO StudentCourses VALUES(1025,2000);
INSERT INTO StudentCourses VALUES(1025,2001);
INSERT INTO StudentCourses VALUES(1025,2002);
INSERT INTO StudentCourses VALUES(1025,2003);
INSERT INTO StudentCourses VALUES(1025,2004);
INSERT INTO StudentCourses VALUES(1026,2000);
INSERT INTO StudentCourses VALUES(1026,2001);
INSERT INTO StudentCourses VALUES(1026,2002);
INSERT INTO StudentCourses VALUES(1026,2003);
INSERT INTO StudentCourses VALUES(1026,2004);
INSERT INTO StudentCourses VALUES(1027,2000);
INSERT INTO StudentCourses VALUES(1027,2001);
INSERT INTO StudentCourses VALUES(1027,2002);
INSERT INTO StudentCourses VALUES(1027,2003);
INSERT INTO StudentCourses VALUES(1027,2004);
INSERT INTO StudentCourses VALUES(1028,2000);
INSERT INTO StudentCourses VALUES(1028,2001);
INSERT INTO StudentCourses VALUES(1028,2002);
INSERT INTO StudentCourses VALUES(1028,2003);
INSERT INTO StudentCourses VALUES(1028,2004);
INSERT INTO StudentCourses VALUES(1029,2000);
INSERT INTO StudentCourses VALUES(1029,2001);
INSERT INTO StudentCourses VALUES(1029,2002);
INSERT INTO StudentCourses VALUES(1029,2003);
INSERT INTO StudentCourses VALUES(1029,2004);
INSERT INTO StudentCourses VALUES(1030,2000);
INSERT INTO StudentCourses VALUES(1030,2001);
INSERT INTO StudentCourses VALUES(1030,2002);
INSERT INTO StudentCourses VALUES(1030,2003);
INSERT INTO StudentCourses VALUES(1030,2004);
INSERT INTO StudentCourses VALUES(1031,2000);
INSERT INTO StudentCourses VALUES(1031,2001);
INSERT INTO StudentCourses VALUES(1031,2002);
INSERT INTO StudentCourses VALUES(1031,2003);
INSERT INTO StudentCourses VALUES(1031,2004);
INSERT INTO StudentCourses VALUES(1032,2000);
INSERT INTO StudentCourses VALUES(1032,2001);
INSERT INTO StudentCourses VALUES(1032,2002);
INSERT INTO StudentCourses VALUES(1032,2003);
INSERT INTO StudentCourses VALUES(1032,2004);
INSERT INTO StudentCourses VALUES(1033,2000);
INSERT INTO StudentCourses VALUES(1033,2001);
INSERT INTO StudentCourses VALUES(1033,2002);
INSERT INTO StudentCourses VALUES(1033,2003);
INSERT INTO StudentCourses VALUES(1033,2004);
INSERT INTO StudentCourses VALUES(1034,2000);
INSERT INTO StudentCourses VALUES(1034,2001);
INSERT INTO StudentCourses VALUES(1034,2002);
INSERT INTO StudentCourses VALUES(1034,2003);
INSERT INTO StudentCourses VALUES(1034,2004);
INSERT INTO StudentCourses VALUES(1035,2000);
INSERT INTO StudentCourses VALUES(1035,2001);
INSERT INTO StudentCourses VALUES(1035,2002);
INSERT INTO StudentCourses VALUES(1035,2003);
INSERT INTO StudentCourses VALUES(1035,2004);
INSERT INTO StudentCourses VALUES(1036,2000);
INSERT INTO StudentCourses VALUES(1036,2001);
INSERT INTO StudentCourses VALUES(1036,2002);
INSERT INTO StudentCourses VALUES(1036,2003);
INSERT INTO StudentCourses VALUES(1036,2004);
INSERT INTO StudentCourses VALUES(1037,2000);
INSERT INTO StudentCourses VALUES(1037,2001);
INSERT INTO StudentCourses VALUES(1037,2002);
INSERT INTO StudentCourses VALUES(1037,2003);
INSERT INTO StudentCourses VALUES(1037,2004);
INSERT INTO StudentCourses VALUES(1038,2000);
INSERT INTO StudentCourses VALUES(1038,2001);
INSERT INTO StudentCourses VALUES(1038,2002);
INSERT INTO StudentCourses VALUES(1038,2003);
INSERT INTO StudentCourses VALUES(1038,2004);
INSERT INTO StudentCourses VALUES(1039,2000);
INSERT INTO StudentCourses VALUES(1039,2001);
INSERT INTO StudentCourses VALUES(1039,2002);
INSERT INTO StudentCourses VALUES(1039,2003);
INSERT INTO StudentCourses VALUES(1039,2004);
INSERT INTO StudentCourses VALUES(1040,2000);
INSERT INTO StudentCourses VALUES(1040,2001);
INSERT INTO StudentCourses VALUES(1040,2002);
INSERT INTO StudentCourses VALUES(1040,2003);
INSERT INTO StudentCourses VALUES(1040,2004);
INSERT INTO StudentCourses VALUES(1041,2000);
INSERT INTO StudentCourses VALUES(1041,2001);
INSERT INTO StudentCourses VALUES(1041,2002);
INSERT INTO StudentCourses VALUES(1041,2003);
INSERT INTO StudentCourses VALUES(1041,2004);
INSERT INTO StudentCourses VALUES(1042,2000);
INSERT INTO StudentCourses VALUES(1042,2001);
INSERT INTO StudentCourses VALUES(1042,2002);
INSERT INTO StudentCourses VALUES(1042,2003);
INSERT INTO StudentCourses VALUES(1042,2004);
INSERT INTO StudentCourses VALUES(1043,2000);
INSERT INTO StudentCourses VALUES(1043,2001);
INSERT INTO StudentCourses VALUES(1043,2002);
INSERT INTO StudentCourses VALUES(1043,2003);
INSERT INTO StudentCourses VALUES(1043,2004);
INSERT INTO StudentCourses VALUES(1044,2000);
INSERT INTO StudentCourses VALUES(1044,2001);
INSERT INTO StudentCourses VALUES(1044,2002);
INSERT INTO StudentCourses VALUES(1044,2003);
INSERT INTO StudentCourses VALUES(1044,2004);
INSERT INTO StudentCourses VALUES(1045,2000);
INSERT INTO StudentCourses VALUES(1045,2001);
INSERT INTO StudentCourses VALUES(1045,2002);
INSERT INTO StudentCourses VALUES(1045,2003);
INSERT INTO StudentCourses VALUES(1045,2004);
INSERT INTO StudentCourses VALUES(1046,2000);
INSERT INTO StudentCourses VALUES(1046,2001);
INSERT INTO StudentCourses VALUES(1046,2002);
INSERT INTO StudentCourses VALUES(1046,2003);
INSERT INTO StudentCourses VALUES(1046,2004);
INSERT INTO StudentCourses VALUES(1047,2000);
INSERT INTO StudentCourses VALUES(1047,2001);
INSERT INTO StudentCourses VALUES(1047,2002);
INSERT INTO StudentCourses VALUES(1047,2003);
INSERT INTO StudentCourses VALUES(1047,2004);
INSERT INTO StudentCourses VALUES(1048,2000);
INSERT INTO StudentCourses VALUES(1048,2001);
INSERT INTO StudentCourses VALUES(1048,2002);
INSERT INTO StudentCourses VALUES(1048,2003);
INSERT INTO StudentCourses VALUES(1048,2004);
INSERT INTO StudentCourses VALUES(1049,2000);
INSERT INTO StudentCourses VALUES(1049,2001);
INSERT INTO StudentCourses VALUES(1049,2002);
INSERT INTO StudentCourses VALUES(1049,2003);
INSERT INTO StudentCourses VALUES(1049,2004);
INSERT INTO StudentCourses VALUES(1050,2000);
INSERT INTO StudentCourses VALUES(1050,2001);
INSERT INTO StudentCourses VALUES(1050,2002);
INSERT INTO StudentCourses VALUES(1050,2003);
INSERT INTO StudentCourses VALUES(1050,2004);
INSERT INTO StudentCourses VALUES(1051,2000);
INSERT INTO StudentCourses VALUES(1051,2001);
INSERT INTO StudentCourses VALUES(1051,2002);
INSERT INTO StudentCourses VALUES(1051,2003);
INSERT INTO StudentCourses VALUES(1051,2004);
INSERT INTO StudentCourses VALUES(1052,2000);
INSERT INTO StudentCourses VALUES(1052,2001);
INSERT INTO StudentCourses VALUES(1052,2002);
INSERT INTO StudentCourses VALUES(1052,2003);
INSERT INTO StudentCourses VALUES(1052,2004);
INSERT INTO StudentCourses VALUES(1053,2000);
INSERT INTO StudentCourses VALUES(1053,2001);
INSERT INTO StudentCourses VALUES(1053,2002);
INSERT INTO StudentCourses VALUES(1053,2003);
INSERT INTO StudentCourses VALUES(1053,2004);
INSERT INTO StudentCourses VALUES(1054,2000);
INSERT INTO StudentCourses VALUES(1054,2001);
INSERT INTO StudentCourses VALUES(1054,2002);
INSERT INTO StudentCourses VALUES(1054,2003);
INSERT INTO StudentCourses VALUES(1054,2004);
INSERT INTO StudentCourses VALUES(1055,2000);
INSERT INTO StudentCourses VALUES(1055,2001);
INSERT INTO StudentCourses VALUES(1055,2002);
INSERT INTO StudentCourses VALUES(1055,2003);
INSERT INTO StudentCourses VALUES(1055,2004);
INSERT INTO StudentCourses VALUES(1056,2000);
INSERT INTO StudentCourses VALUES(1056,2001);
INSERT INTO StudentCourses VALUES(1056,2002);
INSERT INTO StudentCourses VALUES(1056,2003);
INSERT INTO StudentCourses VALUES(1056,2004);
INSERT INTO StudentCourses VALUES(1057,2000);
INSERT INTO StudentCourses VALUES(1057,2001);
INSERT INTO StudentCourses VALUES(1057,2002);
INSERT INTO StudentCourses VALUES(1057,2003);
INSERT INTO StudentCourses VALUES(1057,2004);
INSERT INTO StudentCourses VALUES(1058,2000);
INSERT INTO StudentCourses VALUES(1058,2001);
INSERT INTO StudentCourses VALUES(1058,2002);
INSERT INTO StudentCourses VALUES(1058,2003);
INSERT INTO StudentCourses VALUES(1058,2004);
INSERT INTO StudentCourses VALUES(1059,2000);
INSERT INTO StudentCourses VALUES(1059,2001);
INSERT INTO StudentCourses VALUES(1059,2002);
INSERT INTO StudentCourses VALUES(1059,2003);
INSERT INTO StudentCourses VALUES(1059,2004);
INSERT INTO StudentCourses VALUES(1060,2000);
INSERT INTO StudentCourses VALUES(1060,2001);
INSERT INTO StudentCourses VALUES(1060,2002);
INSERT INTO StudentCourses VALUES(1060,2003);
INSERT INTO StudentCourses VALUES(1060,2004);
INSERT INTO StudentCourses VALUES(1061,2000);
INSERT INTO StudentCourses VALUES(1061,2001);
INSERT INTO StudentCourses VALUES(1061,2002);
INSERT INTO StudentCourses VALUES(1061,2003);
INSERT INTO StudentCourses VALUES(1061,2004);
INSERT INTO StudentCourses VALUES(1062,2000);
INSERT INTO StudentCourses VALUES(1062,2001);
INSERT INTO StudentCourses VALUES(1062,2002);
INSERT INTO StudentCourses VALUES(1062,2003);
INSERT INTO StudentCourses VALUES(1062,2004);
INSERT INTO StudentCourses VALUES(1063,2000);
INSERT INTO StudentCourses VALUES(1063,2001);
INSERT INTO StudentCourses VALUES(1063,2002);
INSERT INTO StudentCourses VALUES(1063,2003);
INSERT INTO StudentCourses VALUES(1063,2004);
INSERT INTO StudentCourses VALUES(1064,2000);
INSERT INTO StudentCourses VALUES(1064,2001);
INSERT INTO StudentCourses VALUES(1064,2002);
INSERT INTO StudentCourses VALUES(1064,2003);
INSERT INTO StudentCourses VALUES(1064,2004);
INSERT INTO StudentCourses VALUES(1065,2000);
INSERT INTO StudentCourses VALUES(1065,2001);
INSERT INTO StudentCourses VALUES(1065,2002);
INSERT INTO StudentCourses VALUES(1065,2003);
INSERT INTO StudentCourses VALUES(1065,2004);
INSERT INTO StudentCourses VALUES(1066,2000);
INSERT INTO StudentCourses VALUES(1066,2001);
INSERT INTO StudentCourses VALUES(1066,2002);
INSERT INTO StudentCourses VALUES(1066,2003);
INSERT INTO StudentCourses VALUES(1066,2004);
INSERT INTO StudentCourses VALUES(1067,2000);
INSERT INTO StudentCourses VALUES(1067,2001);
INSERT INTO StudentCourses VALUES(1067,2002);
INSERT INTO StudentCourses VALUES(1067,2003);
INSERT INTO StudentCourses VALUES(1067,2004);
INSERT INTO StudentCourses VALUES(1068,2000);
INSERT INTO StudentCourses VALUES(1068,2001);
INSERT INTO StudentCourses VALUES(1068,2002);
INSERT INTO StudentCourses VALUES(1068,2003);
INSERT INTO StudentCourses VALUES(1068,2004);
INSERT INTO StudentCourses VALUES(1069,2000);
INSERT INTO StudentCourses VALUES(1069,2001);
INSERT INTO StudentCourses VALUES(1069,2002);
INSERT INTO StudentCourses VALUES(1069,2003);
INSERT INTO StudentCourses VALUES(1069,2004);
INSERT INTO StudentCourses VALUES(1070,2000);
INSERT INTO StudentCourses VALUES(1070,2001);
INSERT INTO StudentCourses VALUES(1070,2002);
INSERT INTO StudentCourses VALUES(1070,2003);
INSERT INTO StudentCourses VALUES(1070,2004);
INSERT INTO StudentCourses VALUES(1071,2000);
INSERT INTO StudentCourses VALUES(1071,2001);
INSERT INTO StudentCourses VALUES(1071,2002);
INSERT INTO StudentCourses VALUES(1071,2003);
INSERT INTO StudentCourses VALUES(1071,2004);
INSERT INTO StudentCourses VALUES(1072,2000);
INSERT INTO StudentCourses VALUES(1072,2001);
INSERT INTO StudentCourses VALUES(1072,2002);
INSERT INTO StudentCourses VALUES(1072,2003);
INSERT INTO StudentCourses VALUES(1072,2004);
INSERT INTO StudentCourses VALUES(1073,2000);
INSERT INTO StudentCourses VALUES(1073,2001);
INSERT INTO StudentCourses VALUES(1073,2002);
INSERT INTO StudentCourses VALUES(1073,2003);
INSERT INTO StudentCourses VALUES(1073,2004);
INSERT INTO StudentCourses VALUES(1074,2000);
INSERT INTO StudentCourses VALUES(1074,2001);
INSERT INTO StudentCourses VALUES(1074,2002);
INSERT INTO StudentCourses VALUES(1074,2003);
INSERT INTO StudentCourses VALUES(1074,2004);
INSERT INTO StudentCourses VALUES(1075,2000);
INSERT INTO StudentCourses VALUES(1075,2001);
INSERT INTO StudentCourses VALUES(1075,2002);
INSERT INTO StudentCourses VALUES(1075,2003);
INSERT INTO StudentCourses VALUES(1075,2004);
INSERT INTO StudentCourses VALUES(1076,2000);
INSERT INTO StudentCourses VALUES(1076,2001);
INSERT INTO StudentCourses VALUES(1076,2002);
INSERT INTO StudentCourses VALUES(1076,2003);
INSERT INTO StudentCourses VALUES(1076,2004);
INSERT INTO StudentCourses VALUES(1077,2000);
INSERT INTO StudentCourses VALUES(1077,2001);
INSERT INTO StudentCourses VALUES(1077,2002);
INSERT INTO StudentCourses VALUES(1077,2003);
INSERT INTO StudentCourses VALUES(1077,2004);
INSERT INTO StudentCourses VALUES(1078,2000);
INSERT INTO StudentCourses VALUES(1078,2001);
INSERT INTO StudentCourses VALUES(1078,2002);
INSERT INTO StudentCourses VALUES(1078,2003);
INSERT INTO StudentCourses VALUES(1078,2004);
INSERT INTO StudentCourses VALUES(1079,2000);
INSERT INTO StudentCourses VALUES(1079,2001);
INSERT INTO StudentCourses VALUES(1079,2002);
INSERT INTO StudentCourses VALUES(1079,2003);
INSERT INTO StudentCourses VALUES(1079,2004);
INSERT INTO StudentCourses VALUES(1080,2000);
INSERT INTO StudentCourses VALUES(1080,2001);
INSERT INTO StudentCourses VALUES(1080,2002);
INSERT INTO StudentCourses VALUES(1080,2003);
INSERT INTO StudentCourses VALUES(1080,2004);
INSERT INTO StudentCourses VALUES(1081,2000);
INSERT INTO StudentCourses VALUES(1081,2001);
INSERT INTO StudentCourses VALUES(1081,2002);
INSERT INTO StudentCourses VALUES(1081,2003);
INSERT INTO StudentCourses VALUES(1081,2004);
INSERT INTO StudentCourses VALUES(1082,2000);
INSERT INTO StudentCourses VALUES(1082,2001);
INSERT INTO StudentCourses VALUES(1082,2002);
INSERT INTO StudentCourses VALUES(1082,2003);
INSERT INTO StudentCourses VALUES(1082,2004);
INSERT INTO StudentCourses VALUES(1083,2000);
INSERT INTO StudentCourses VALUES(1083,2001);
INSERT INTO StudentCourses VALUES(1083,2002);
INSERT INTO StudentCourses VALUES(1083,2003);
INSERT INTO StudentCourses VALUES(1083,2004);
INSERT INTO StudentCourses VALUES(1084,2000);
INSERT INTO StudentCourses VALUES(1084,2001);
INSERT INTO StudentCourses VALUES(1084,2002);
INSERT INTO StudentCourses VALUES(1084,2003);
INSERT INTO StudentCourses VALUES(1084,2004);
INSERT INTO StudentCourses VALUES(1085,2000);
INSERT INTO StudentCourses VALUES(1085,2001);
INSERT INTO StudentCourses VALUES(1085,2002);
INSERT INTO StudentCourses VALUES(1085,2003);
INSERT INTO StudentCourses VALUES(1085,2004);
INSERT INTO StudentCourses VALUES(1086,2000);
INSERT INTO StudentCourses VALUES(1086,2001);
INSERT INTO StudentCourses VALUES(1086,2002);
INSERT INTO StudentCourses VALUES(1086,2003);
INSERT INTO StudentCourses VALUES(1086,2004);
INSERT INTO StudentCourses VALUES(1087,2000);
INSERT INTO StudentCourses VALUES(1087,2001);
INSERT INTO StudentCourses VALUES(1087,2002);
INSERT INTO StudentCourses VALUES(1087,2003);
INSERT INTO StudentCourses VALUES(1087,2004);
INSERT INTO StudentCourses VALUES(1088,2000);
INSERT INTO StudentCourses VALUES(1088,2001);
INSERT INTO StudentCourses VALUES(1088,2002);
INSERT INTO StudentCourses VALUES(1088,2003);
INSERT INTO StudentCourses VALUES(1088,2004);
INSERT INTO StudentCourses VALUES(1089,2000);
INSERT INTO StudentCourses VALUES(1089,2001);
INSERT INTO StudentCourses VALUES(1089,2002);
INSERT INTO StudentCourses VALUES(1089,2003);
INSERT INTO StudentCourses VALUES(1089,2004);
INSERT INTO StudentCourses VALUES(1090,2000);
INSERT INTO StudentCourses VALUES(1090,2001);
INSERT INTO StudentCourses VALUES(1090,2002);
INSERT INTO StudentCourses VALUES(1090,2003);
INSERT INTO StudentCourses VALUES(1090,2004);
INSERT INTO StudentCourses VALUES(1091,2000);
INSERT INTO StudentCourses VALUES(1091,2001);
INSERT INTO StudentCourses VALUES(1091,2002);
INSERT INTO StudentCourses VALUES(1091,2003);
INSERT INTO StudentCourses VALUES(1091,2004);
INSERT INTO StudentCourses VALUES(1092,2000);
INSERT INTO StudentCourses VALUES(1092,2001);
INSERT INTO StudentCourses VALUES(1092,2002);
INSERT INTO StudentCourses VALUES(1092,2003);
INSERT INTO StudentCourses VALUES(1092,2004);
INSERT INTO StudentCourses VALUES(1093,2000);
INSERT INTO StudentCourses VALUES(1093,2001);
INSERT INTO StudentCourses VALUES(1093,2002);
INSERT INTO StudentCourses VALUES(1093,2003);
INSERT INTO StudentCourses VALUES(1093,2004);
INSERT INTO StudentCourses VALUES(1094,2000);
INSERT INTO StudentCourses VALUES(1094,2001);
INSERT INTO StudentCourses VALUES(1094,2002);
INSERT INTO StudentCourses VALUES(1094,2003);
INSERT INTO StudentCourses VALUES(1094,2004);
INSERT INTO StudentCourses VALUES(1095,2000);
INSERT INTO StudentCourses VALUES(1095,2001);
INSERT INTO StudentCourses VALUES(1095,2002);
INSERT INTO StudentCourses VALUES(1095,2003);
INSERT INTO StudentCourses VALUES(1095,2004);
INSERT INTO StudentCourses VALUES(1096,2000);
INSERT INTO StudentCourses VALUES(1096,2001);
INSERT INTO StudentCourses VALUES(1096,2002);
INSERT INTO StudentCourses VALUES(1096,2003);
INSERT INTO StudentCourses VALUES(1096,2004);
INSERT INTO StudentCourses VALUES(1097,2000);
INSERT INTO StudentCourses VALUES(1097,2001);
INSERT INTO StudentCourses VALUES(1097,2002);
INSERT INTO StudentCourses VALUES(1097,2003);
INSERT INTO StudentCourses VALUES(1097,2004);
INSERT INTO StudentCourses VALUES(1098,2000);
INSERT INTO StudentCourses VALUES(1098,2001);
INSERT INTO StudentCourses VALUES(1098,2002);
INSERT INTO StudentCourses VALUES(1098,2003);
INSERT INTO StudentCourses VALUES(1098,2004);
INSERT INTO StudentCourses VALUES(1099,2000);
INSERT INTO StudentCourses VALUES(1099,2001);
INSERT INTO StudentCourses VALUES(1099,2002);
INSERT INTO StudentCourses VALUES(1099,2003);
INSERT INTO StudentCourses VALUES(1099,2004);
