
DROP TABLE IF EXISTS StudentPerformance;
DROP TABLE IF EXISTS CourseGradeables;
DROP TABLE IF EXISTS StudentCourses;
DROP TABLE IF EXISTS Course;
DROP TABLE IF EXISTS Student;

CREATE TABLE Student (StudentID INTEGER PRIMARY KEY, Name TEXT);
CREATE TABLE Course (CourseID INTEGER PRIMARY KEY, Name TEXT, Professor TEXT);
CREATE TABLE StudentCourses (StudentID INTEGER, CourseID INTEGER, FOREIGN KEY (StudentID) REFERENCES Student(StudentID), FOREIGN KEY (CourseID) REFERENCES Course(CourseID), PRIMARY KEY (StudentID, CourseID));
CREATE TABLE CourseGradeables (AssignmentID INTEGER PRIMARY KEY, CourseID INTEGER, AssignmentType TEXT CHECK (AssignmentType IN ('test', 'quiz', 'essay', 'presentation', 'assignment')), DueDate DATE, FOREIGN KEY (CourseID) REFERENCES Course(CourseID));
CREATE TABLE StudentPerformance (StudentID INTEGER, AssignmentID INTEGER, TimeManagement TEXT CHECK (TimeManagement IN ('too much', 'too little', 'just enough')), Grade INTEGER, FOREIGN KEY (StudentID) REFERENCES Student(StudentID), FOREIGN KEY (AssignmentID) REFERENCES CourseGradeables(AssignmentID), PRIMARY KEY (StudentID, AssignmentID));

INSERT INTO Student (StudentID, Name) VALUES (1000, Student 1);;
INSERT INTO Student (StudentID, Name) VALUES (1001, Student 2);;
INSERT INTO Student (StudentID, Name) VALUES (1002, Student 3);;
INSERT INTO Student (StudentID, Name) VALUES (1003, Student 4);;
INSERT INTO Student (StudentID, Name) VALUES (1004, Student 5);;
INSERT INTO Student (StudentID, Name) VALUES (1005, Student 6);;
INSERT INTO Student (StudentID, Name) VALUES (1006, Student 7);;
INSERT INTO Student (StudentID, Name) VALUES (1007, Student 8);;
INSERT INTO Student (StudentID, Name) VALUES (1008, Student 9);;
INSERT INTO Student (StudentID, Name) VALUES (1009, Student 10);;
INSERT INTO Course (CourseID, Name, Professor) VALUES (2000, Course 1, Professor 1);;
INSERT INTO Course (CourseID, Name, Professor) VALUES (2001, Course 2, Professor 2);;
INSERT INTO Course (CourseID, Name, Professor) VALUES (2002, Course 3, Professor 3);;
INSERT INTO Course (CourseID, Name, Professor) VALUES (2003, Course 4, Professor 4);;
INSERT INTO Course (CourseID, Name, Professor) VALUES (2004, Course 5, Professor 5);;
INSERT INTO StudentCourses (StudentID, CourseID) VALUES (1000, 2000);;
INSERT INTO StudentCourses (StudentID, CourseID) VALUES (1000, 2001);;
INSERT INTO StudentCourses (StudentID, CourseID) VALUES (1000, 2002);;
INSERT INTO StudentCourses (StudentID, CourseID) VALUES (1000, 2003);;
INSERT INTO StudentCourses (StudentID, CourseID) VALUES (1000, 2004);;
INSERT INTO StudentCourses (StudentID, CourseID) VALUES (1001, 2000);;
INSERT INTO StudentCourses (StudentID, CourseID) VALUES (1001, 2001);;
INSERT INTO StudentCourses (StudentID, CourseID) VALUES (1001, 2002);;
INSERT INTO StudentCourses (StudentID, CourseID) VALUES (1001, 2003);;
INSERT INTO StudentCourses (StudentID, CourseID) VALUES (1001, 2004);;
INSERT INTO StudentCourses (StudentID, CourseID) VALUES (1002, 2000);;
INSERT INTO StudentCourses (StudentID, CourseID) VALUES (1002, 2001);;
INSERT INTO StudentCourses (StudentID, CourseID) VALUES (1002, 2002);;
INSERT INTO StudentCourses (StudentID, CourseID) VALUES (1002, 2003);;
INSERT INTO StudentCourses (StudentID, CourseID) VALUES (1002, 2004);;
INSERT INTO StudentCourses (StudentID, CourseID) VALUES (1003, 2000);;
INSERT INTO StudentCourses (StudentID, CourseID) VALUES (1003, 2001);;
INSERT INTO StudentCourses (StudentID, CourseID) VALUES (1003, 2002);;
INSERT INTO StudentCourses (StudentID, CourseID) VALUES (1003, 2003);;
INSERT INTO StudentCourses (StudentID, CourseID) VALUES (1003, 2004);;
INSERT INTO StudentCourses (StudentID, CourseID) VALUES (1004, 2000);;
INSERT INTO StudentCourses (StudentID, CourseID) VALUES (1004, 2001);;
INSERT INTO StudentCourses (StudentID, CourseID) VALUES (1004, 2002);;
INSERT INTO StudentCourses (StudentID, CourseID) VALUES (1004, 2003);;
INSERT INTO StudentCourses (StudentID, CourseID) VALUES (1004, 2004);;
INSERT INTO StudentCourses (StudentID, CourseID) VALUES (1005, 2000);;
INSERT INTO StudentCourses (StudentID, CourseID) VALUES (1005, 2001);;
INSERT INTO StudentCourses (StudentID, CourseID) VALUES (1005, 2002);;
INSERT INTO StudentCourses (StudentID, CourseID) VALUES (1005, 2003);;
INSERT INTO StudentCourses (StudentID, CourseID) VALUES (1005, 2004);;
INSERT INTO StudentCourses (StudentID, CourseID) VALUES (1006, 2000);;
INSERT INTO StudentCourses (StudentID, CourseID) VALUES (1006, 2001);;
INSERT INTO StudentCourses (StudentID, CourseID) VALUES (1006, 2002);;
INSERT INTO StudentCourses (StudentID, CourseID) VALUES (1006, 2003);;
INSERT INTO StudentCourses (StudentID, CourseID) VALUES (1006, 2004);;
INSERT INTO StudentCourses (StudentID, CourseID) VALUES (1007, 2000);;
INSERT INTO StudentCourses (StudentID, CourseID) VALUES (1007, 2001);;
INSERT INTO StudentCourses (StudentID, CourseID) VALUES (1007, 2002);;
INSERT INTO StudentCourses (StudentID, CourseID) VALUES (1007, 2003);;
INSERT INTO StudentCourses (StudentID, CourseID) VALUES (1007, 2004);;
INSERT INTO StudentCourses (StudentID, CourseID) VALUES (1008, 2000);;
INSERT INTO StudentCourses (StudentID, CourseID) VALUES (1008, 2001);;
INSERT INTO StudentCourses (StudentID, CourseID) VALUES (1008, 2002);;
INSERT INTO StudentCourses (StudentID, CourseID) VALUES (1008, 2003);;
INSERT INTO StudentCourses (StudentID, CourseID) VALUES (1008, 2004);;
INSERT INTO StudentCourses (StudentID, CourseID) VALUES (1009, 2000);;
INSERT INTO StudentCourses (StudentID, CourseID) VALUES (1009, 2001);;
INSERT INTO StudentCourses (StudentID, CourseID) VALUES (1009, 2002);;
INSERT INTO StudentCourses (StudentID, CourseID) VALUES (1009, 2003);;
INSERT INTO StudentCourses (StudentID, CourseID) VALUES (1009, 2004);;
INSERT INTO CourseGradeables (AssignmentID, CourseID, AssignmentType, DueDate) VALUES (3000, 2000, presentation, 2024-03-30);;
INSERT INTO CourseGradeables (AssignmentID, CourseID, AssignmentType, DueDate) VALUES (3000, 2000, assignment, 2024-03-30);;
INSERT INTO CourseGradeables (AssignmentID, CourseID, AssignmentType, DueDate) VALUES (3000, 2000, test, 2024-03-30);;
INSERT INTO CourseGradeables (AssignmentID, CourseID, AssignmentType, DueDate) VALUES (3000, 2000, assignment, 2024-03-30);;
INSERT INTO CourseGradeables (AssignmentID, CourseID, AssignmentType, DueDate) VALUES (3001, 2001, test, 2024-04-06);;
INSERT INTO CourseGradeables (AssignmentID, CourseID, AssignmentType, DueDate) VALUES (3001, 2001, essay, 2024-04-06);;
INSERT INTO CourseGradeables (AssignmentID, CourseID, AssignmentType, DueDate) VALUES (3001, 2001, essay, 2024-04-06);;
INSERT INTO CourseGradeables (AssignmentID, CourseID, AssignmentType, DueDate) VALUES (3001, 2001, quiz, 2024-04-06);;
INSERT INTO CourseGradeables (AssignmentID, CourseID, AssignmentType, DueDate) VALUES (3002, 2002, quiz, 2024-04-13);;
INSERT INTO CourseGradeables (AssignmentID, CourseID, AssignmentType, DueDate) VALUES (3002, 2002, quiz, 2024-04-13);;
INSERT INTO CourseGradeables (AssignmentID, CourseID, AssignmentType, DueDate) VALUES (3002, 2002, test, 2024-04-13);;
INSERT INTO CourseGradeables (AssignmentID, CourseID, AssignmentType, DueDate) VALUES (3002, 2002, assignment, 2024-04-13);;
INSERT INTO CourseGradeables (AssignmentID, CourseID, AssignmentType, DueDate) VALUES (3003, 2003, quiz, 2024-04-20);;
INSERT INTO CourseGradeables (AssignmentID, CourseID, AssignmentType, DueDate) VALUES (3003, 2003, assignment, 2024-04-20);;
INSERT INTO CourseGradeables (AssignmentID, CourseID, AssignmentType, DueDate) VALUES (3003, 2003, essay, 2024-04-20);;
INSERT INTO CourseGradeables (AssignmentID, CourseID, AssignmentType, DueDate) VALUES (3003, 2003, quiz, 2024-04-20);;
INSERT INTO CourseGradeables (AssignmentID, CourseID, AssignmentType, DueDate) VALUES (3004, 2004, quiz, 2024-04-27);;
INSERT INTO CourseGradeables (AssignmentID, CourseID, AssignmentType, DueDate) VALUES (3004, 2004, quiz, 2024-04-27);;
INSERT INTO CourseGradeables (AssignmentID, CourseID, AssignmentType, DueDate) VALUES (3004, 2004, quiz, 2024-04-27);;
INSERT INTO CourseGradeables (AssignmentID, CourseID, AssignmentType, DueDate) VALUES (3004, 2004, presentation, 2024-04-27);;
INSERT INTO StudentPerformance (StudentID, AssignmentID, TimeManagement, Grade) VALUES (1000, 3000, too much, 92);;
INSERT INTO StudentPerformance (StudentID, AssignmentID, TimeManagement, Grade) VALUES (1000, 3000, too little, 58);;
INSERT INTO StudentPerformance (StudentID, AssignmentID, TimeManagement, Grade) VALUES (1000, 3000, just enough, 53);;
INSERT INTO StudentPerformance (StudentID, AssignmentID, TimeManagement, Grade) VALUES (1000, 3000, just enough, 69);;
INSERT INTO StudentPerformance (StudentID, AssignmentID, TimeManagement, Grade) VALUES (1000, 3001, too little, 78);;
INSERT INTO StudentPerformance (StudentID, AssignmentID, TimeManagement, Grade) VALUES (1000, 3001, too much, 68);;
INSERT INTO StudentPerformance (StudentID, AssignmentID, TimeManagement, Grade) VALUES (1000, 3001, too much, 72);;
INSERT INTO StudentPerformance (StudentID, AssignmentID, TimeManagement, Grade) VALUES (1000, 3001, just enough, 88);;
INSERT INTO StudentPerformance (StudentID, AssignmentID, TimeManagement, Grade) VALUES (1000, 3002, too little, 60);;
INSERT INTO StudentPerformance (StudentID, AssignmentID, TimeManagement, Grade) VALUES (1000, 3002, too little, 92);;
INSERT INTO StudentPerformance (StudentID, AssignmentID, TimeManagement, Grade) VALUES (1000, 3002, just enough, 98);;
INSERT INTO StudentPerformance (StudentID, AssignmentID, TimeManagement, Grade) VALUES (1000, 3002, too little, 53);;
INSERT INTO StudentPerformance (StudentID, AssignmentID, TimeManagement, Grade) VALUES (1000, 3003, too little, 69);;
INSERT INTO StudentPerformance (StudentID, AssignmentID, TimeManagement, Grade) VALUES (1000, 3003, too little, 100);;
INSERT INTO StudentPerformance (StudentID, AssignmentID, TimeManagement, Grade) VALUES (1000, 3003, just enough, 82);;
INSERT INTO StudentPerformance (StudentID, AssignmentID, TimeManagement, Grade) VALUES (1000, 3003, too little, 85);;
INSERT INTO StudentPerformance (StudentID, AssignmentID, TimeManagement, Grade) VALUES (1000, 3004, too much, 68);;
INSERT INTO StudentPerformance (StudentID, AssignmentID, TimeManagement, Grade) VALUES (1000, 3004, too much, 68);;
INSERT INTO StudentPerformance (StudentID, AssignmentID, TimeManagement, Grade) VALUES (1000, 3004, too little, 63);;
INSERT INTO StudentPerformance (StudentID, AssignmentID, TimeManagement, Grade) VALUES (1000, 3004, too little, 80);;
INSERT INTO StudentPerformance (StudentID, AssignmentID, TimeManagement, Grade) VALUES (1001, 3000, too little, 88);;
INSERT INTO StudentPerformance (StudentID, AssignmentID, TimeManagement, Grade) VALUES (1001, 3000, too little, 85);;
INSERT INTO StudentPerformance (StudentID, AssignmentID, TimeManagement, Grade) VALUES (1001, 3000, just enough, 58);;
INSERT INTO StudentPerformance (StudentID, AssignmentID, TimeManagement, Grade) VALUES (1001, 3000, too much, 84);;
INSERT INTO StudentPerformance (StudentID, AssignmentID, TimeManagement, Grade) VALUES (1001, 3001, too little, 82);;
INSERT INTO StudentPerformance (StudentID, AssignmentID, TimeManagement, Grade) VALUES (1001, 3001, too much, 99);;
INSERT INTO StudentPerformance (StudentID, AssignmentID, TimeManagement, Grade) VALUES (1001, 3001, too much, 50);;
INSERT INTO StudentPerformance (StudentID, AssignmentID, TimeManagement, Grade) VALUES (1001, 3001, just enough, 89);;
INSERT INTO StudentPerformance (StudentID, AssignmentID, TimeManagement, Grade) VALUES (1001, 3002, just enough, 65);;
INSERT INTO StudentPerformance (StudentID, AssignmentID, TimeManagement, Grade) VALUES (1001, 3002, too much, 73);;
INSERT INTO StudentPerformance (StudentID, AssignmentID, TimeManagement, Grade) VALUES (1001, 3002, just enough, 94);;
INSERT INTO StudentPerformance (StudentID, AssignmentID, TimeManagement, Grade) VALUES (1001, 3002, just enough, 72);;
INSERT INTO StudentPerformance (StudentID, AssignmentID, TimeManagement, Grade) VALUES (1001, 3003, too much, 56);;
INSERT INTO StudentPerformance (StudentID, AssignmentID, TimeManagement, Grade) VALUES (1001, 3003, just enough, 79);;
INSERT INTO StudentPerformance (StudentID, AssignmentID, TimeManagement, Grade) VALUES (1001, 3003, too much, 51);;
INSERT INTO StudentPerformance (StudentID, AssignmentID, TimeManagement, Grade) VALUES (1001, 3003, too much, 69);;
INSERT INTO StudentPerformance (StudentID, AssignmentID, TimeManagement, Grade) VALUES (1001, 3004, too much, 87);;
INSERT INTO StudentPerformance (StudentID, AssignmentID, TimeManagement, Grade) VALUES (1001, 3004, too little, 91);;
INSERT INTO StudentPerformance (StudentID, AssignmentID, TimeManagement, Grade) VALUES (1001, 3004, too little, 58);;
INSERT INTO StudentPerformance (StudentID, AssignmentID, TimeManagement, Grade) VALUES (1001, 3004, too little, 75);;
INSERT INTO StudentPerformance (StudentID, AssignmentID, TimeManagement, Grade) VALUES (1002, 3000, too much, 88);;
INSERT INTO StudentPerformance (StudentID, AssignmentID, TimeManagement, Grade) VALUES (1002, 3000, just enough, 75);;
INSERT INTO StudentPerformance (StudentID, AssignmentID, TimeManagement, Grade) VALUES (1002, 3000, just enough, 80);;
INSERT INTO StudentPerformance (StudentID, AssignmentID, TimeManagement, Grade) VALUES (1002, 3000, too much, 62);;
INSERT INTO StudentPerformance (StudentID, AssignmentID, TimeManagement, Grade) VALUES (1002, 3001, too much, 71);;
INSERT INTO StudentPerformance (StudentID, AssignmentID, TimeManagement, Grade) VALUES (1002, 3001, too much, 51);;
INSERT INTO StudentPerformance (StudentID, AssignmentID, TimeManagement, Grade) VALUES (1002, 3001, too much, 81);;
INSERT INTO StudentPerformance (StudentID, AssignmentID, TimeManagement, Grade) VALUES (1002, 3001, too little, 80);;
INSERT INTO StudentPerformance (StudentID, AssignmentID, TimeManagement, Grade) VALUES (1002, 3002, too little, 50);;
INSERT INTO StudentPerformance (StudentID, AssignmentID, TimeManagement, Grade) VALUES (1002, 3002, just enough, 86);;
INSERT INTO StudentPerformance (StudentID, AssignmentID, TimeManagement, Grade) VALUES (1002, 3002, too much, 88);;
INSERT INTO StudentPerformance (StudentID, AssignmentID, TimeManagement, Grade) VALUES (1002, 3002, just enough, 66);;
INSERT INTO StudentPerformance (StudentID, AssignmentID, TimeManagement, Grade) VALUES (1002, 3003, too little, 91);;
INSERT INTO StudentPerformance (StudentID, AssignmentID, TimeManagement, Grade) VALUES (1002, 3003, just enough, 90);;
INSERT INTO StudentPerformance (StudentID, AssignmentID, TimeManagement, Grade) VALUES (1002, 3003, just enough, 89);;
INSERT INTO StudentPerformance (StudentID, AssignmentID, TimeManagement, Grade) VALUES (1002, 3003, just enough, 87);;
INSERT INTO StudentPerformance (StudentID, AssignmentID, TimeManagement, Grade) VALUES (1002, 3004, too much, 60);;
INSERT INTO StudentPerformance (StudentID, AssignmentID, TimeManagement, Grade) VALUES (1002, 3004, too much, 52);;
INSERT INTO StudentPerformance (StudentID, AssignmentID, TimeManagement, Grade) VALUES (1002, 3004, just enough, 77);;
INSERT INTO StudentPerformance (StudentID, AssignmentID, TimeManagement, Grade) VALUES (1002, 3004, too much, 79);;
INSERT INTO StudentPerformance (StudentID, AssignmentID, TimeManagement, Grade) VALUES (1003, 3000, too much, 98);;
INSERT INTO StudentPerformance (StudentID, AssignmentID, TimeManagement, Grade) VALUES (1003, 3000, too much, 78);;
INSERT INTO StudentPerformance (StudentID, AssignmentID, TimeManagement, Grade) VALUES (1003, 3000, just enough, 96);;
INSERT INTO StudentPerformance (StudentID, AssignmentID, TimeManagement, Grade) VALUES (1003, 3000, too little, 88);;
INSERT INTO StudentPerformance (StudentID, AssignmentID, TimeManagement, Grade) VALUES (1003, 3001, too little, 94);;
INSERT INTO StudentPerformance (StudentID, AssignmentID, TimeManagement, Grade) VALUES (1003, 3001, too little, 71);;
INSERT INTO StudentPerformance (StudentID, AssignmentID, TimeManagement, Grade) VALUES (1003, 3001, just enough, 91);;
INSERT INTO StudentPerformance (StudentID, AssignmentID, TimeManagement, Grade) VALUES (1003, 3001, just enough, 75);;
INSERT INTO StudentPerformance (StudentID, AssignmentID, TimeManagement, Grade) VALUES (1003, 3002, just enough, 80);;
INSERT INTO StudentPerformance (StudentID, AssignmentID, TimeManagement, Grade) VALUES (1003, 3002, just enough, 85);;
INSERT INTO StudentPerformance (StudentID, AssignmentID, TimeManagement, Grade) VALUES (1003, 3002, too little, 69);;
INSERT INTO StudentPerformance (StudentID, AssignmentID, TimeManagement, Grade) VALUES (1003, 3002, too much, 65);;
INSERT INTO StudentPerformance (StudentID, AssignmentID, TimeManagement, Grade) VALUES (1003, 3003, too much, 63);;
INSERT INTO StudentPerformance (StudentID, AssignmentID, TimeManagement, Grade) VALUES (1003, 3003, too little, 59);;
INSERT INTO StudentPerformance (StudentID, AssignmentID, TimeManagement, Grade) VALUES (1003, 3003, too much, 90);;
INSERT INTO StudentPerformance (StudentID, AssignmentID, TimeManagement, Grade) VALUES (1003, 3003, just enough, 64);;
INSERT INTO StudentPerformance (StudentID, AssignmentID, TimeManagement, Grade) VALUES (1003, 3004, too little, 65);;
INSERT INTO StudentPerformance (StudentID, AssignmentID, TimeManagement, Grade) VALUES (1003, 3004, too much, 52);;
INSERT INTO StudentPerformance (StudentID, AssignmentID, TimeManagement, Grade) VALUES (1003, 3004, too much, 80);;
INSERT INTO StudentPerformance (StudentID, AssignmentID, TimeManagement, Grade) VALUES (1003, 3004, too little, 51);;
INSERT INTO StudentPerformance (StudentID, AssignmentID, TimeManagement, Grade) VALUES (1004, 3000, just enough, 51);;
INSERT INTO StudentPerformance (StudentID, AssignmentID, TimeManagement, Grade) VALUES (1004, 3000, too little, 87);;
INSERT INTO StudentPerformance (StudentID, AssignmentID, TimeManagement, Grade) VALUES (1004, 3000, too little, 72);;
INSERT INTO StudentPerformance (StudentID, AssignmentID, TimeManagement, Grade) VALUES (1004, 3000, too much, 99);;
INSERT INTO StudentPerformance (StudentID, AssignmentID, TimeManagement, Grade) VALUES (1004, 3001, too much, 95);;
INSERT INTO StudentPerformance (StudentID, AssignmentID, TimeManagement, Grade) VALUES (1004, 3001, too little, 55);;
INSERT INTO StudentPerformance (StudentID, AssignmentID, TimeManagement, Grade) VALUES (1004, 3001, too much, 99);;
INSERT INTO StudentPerformance (StudentID, AssignmentID, TimeManagement, Grade) VALUES (1004, 3001, too much, 68);;
INSERT INTO StudentPerformance (StudentID, AssignmentID, TimeManagement, Grade) VALUES (1004, 3002, just enough, 66);;
INSERT INTO StudentPerformance (StudentID, AssignmentID, TimeManagement, Grade) VALUES (1004, 3002, just enough, 62);;
INSERT INTO StudentPerformance (StudentID, AssignmentID, TimeManagement, Grade) VALUES (1004, 3002, too much, 78);;
INSERT INTO StudentPerformance (StudentID, AssignmentID, TimeManagement, Grade) VALUES (1004, 3002, too much, 86);;
INSERT INTO StudentPerformance (StudentID, AssignmentID, TimeManagement, Grade) VALUES (1004, 3003, too little, 64);;
INSERT INTO StudentPerformance (StudentID, AssignmentID, TimeManagement, Grade) VALUES (1004, 3003, too much, 70);;
INSERT INTO StudentPerformance (StudentID, AssignmentID, TimeManagement, Grade) VALUES (1004, 3003, just enough, 86);;
INSERT INTO StudentPerformance (StudentID, AssignmentID, TimeManagement, Grade) VALUES (1004, 3003, too little, 92);;
INSERT INTO StudentPerformance (StudentID, AssignmentID, TimeManagement, Grade) VALUES (1004, 3004, too little, 82);;
INSERT INTO StudentPerformance (StudentID, AssignmentID, TimeManagement, Grade) VALUES (1004, 3004, too much, 62);;
INSERT INTO StudentPerformance (StudentID, AssignmentID, TimeManagement, Grade) VALUES (1004, 3004, too much, 100);;
INSERT INTO StudentPerformance (StudentID, AssignmentID, TimeManagement, Grade) VALUES (1004, 3004, just enough, 91);;
INSERT INTO StudentPerformance (StudentID, AssignmentID, TimeManagement, Grade) VALUES (1005, 3000, too much, 59);;
INSERT INTO StudentPerformance (StudentID, AssignmentID, TimeManagement, Grade) VALUES (1005, 3000, too little, 63);;
INSERT INTO StudentPerformance (StudentID, AssignmentID, TimeManagement, Grade) VALUES (1005, 3000, too little, 98);;
INSERT INTO StudentPerformance (StudentID, AssignmentID, TimeManagement, Grade) VALUES (1005, 3000, too much, 69);;
INSERT INTO StudentPerformance (StudentID, AssignmentID, TimeManagement, Grade) VALUES (1005, 3001, just enough, 99);;
INSERT INTO StudentPerformance (StudentID, AssignmentID, TimeManagement, Grade) VALUES (1005, 3001, just enough, 72);;
INSERT INTO StudentPerformance (StudentID, AssignmentID, TimeManagement, Grade) VALUES (1005, 3001, just enough, 78);;
INSERT INTO StudentPerformance (StudentID, AssignmentID, TimeManagement, Grade) VALUES (1005, 3001, too much, 67);;
INSERT INTO StudentPerformance (StudentID, AssignmentID, TimeManagement, Grade) VALUES (1005, 3002, just enough, 77);;
INSERT INTO StudentPerformance (StudentID, AssignmentID, TimeManagement, Grade) VALUES (1005, 3002, too little, 63);;
INSERT INTO StudentPerformance (StudentID, AssignmentID, TimeManagement, Grade) VALUES (1005, 3002, just enough, 91);;
INSERT INTO StudentPerformance (StudentID, AssignmentID, TimeManagement, Grade) VALUES (1005, 3002, too little, 75);;
INSERT INTO StudentPerformance (StudentID, AssignmentID, TimeManagement, Grade) VALUES (1005, 3003, just enough, 78);;
INSERT INTO StudentPerformance (StudentID, AssignmentID, TimeManagement, Grade) VALUES (1005, 3003, too little, 76);;
INSERT INTO StudentPerformance (StudentID, AssignmentID, TimeManagement, Grade) VALUES (1005, 3003, too much, 97);;
INSERT INTO StudentPerformance (StudentID, AssignmentID, TimeManagement, Grade) VALUES (1005, 3003, too little, 50);;
INSERT INTO StudentPerformance (StudentID, AssignmentID, TimeManagement, Grade) VALUES (1005, 3004, too little, 94);;
INSERT INTO StudentPerformance (StudentID, AssignmentID, TimeManagement, Grade) VALUES (1005, 3004, too much, 60);;
INSERT INTO StudentPerformance (StudentID, AssignmentID, TimeManagement, Grade) VALUES (1005, 3004, too little, 87);;
INSERT INTO StudentPerformance (StudentID, AssignmentID, TimeManagement, Grade) VALUES (1005, 3004, too much, 52);;
INSERT INTO StudentPerformance (StudentID, AssignmentID, TimeManagement, Grade) VALUES (1006, 3000, too little, 56);;
INSERT INTO StudentPerformance (StudentID, AssignmentID, TimeManagement, Grade) VALUES (1006, 3000, too much, 93);;
INSERT INTO StudentPerformance (StudentID, AssignmentID, TimeManagement, Grade) VALUES (1006, 3000, too little, 55);;
INSERT INTO StudentPerformance (StudentID, AssignmentID, TimeManagement, Grade) VALUES (1006, 3000, too little, 73);;
INSERT INTO StudentPerformance (StudentID, AssignmentID, TimeManagement, Grade) VALUES (1006, 3001, just enough, 91);;
INSERT INTO StudentPerformance (StudentID, AssignmentID, TimeManagement, Grade) VALUES (1006, 3001, just enough, 66);;
INSERT INTO StudentPerformance (StudentID, AssignmentID, TimeManagement, Grade) VALUES (1006, 3001, just enough, 69);;
INSERT INTO StudentPerformance (StudentID, AssignmentID, TimeManagement, Grade) VALUES (1006, 3001, just enough, 78);;
INSERT INTO StudentPerformance (StudentID, AssignmentID, TimeManagement, Grade) VALUES (1006, 3002, too much, 99);;
INSERT INTO StudentPerformance (StudentID, AssignmentID, TimeManagement, Grade) VALUES (1006, 3002, too much, 93);;
INSERT INTO StudentPerformance (StudentID, AssignmentID, TimeManagement, Grade) VALUES (1006, 3002, too little, 88);;
INSERT INTO StudentPerformance (StudentID, AssignmentID, TimeManagement, Grade) VALUES (1006, 3002, too much, 50);;
INSERT INTO StudentPerformance (StudentID, AssignmentID, TimeManagement, Grade) VALUES (1006, 3003, just enough, 97);;
INSERT INTO StudentPerformance (StudentID, AssignmentID, TimeManagement, Grade) VALUES (1006, 3003, just enough, 52);;
INSERT INTO StudentPerformance (StudentID, AssignmentID, TimeManagement, Grade) VALUES (1006, 3003, too little, 84);;
INSERT INTO StudentPerformance (StudentID, AssignmentID, TimeManagement, Grade) VALUES (1006, 3003, too much, 68);;
INSERT INTO StudentPerformance (StudentID, AssignmentID, TimeManagement, Grade) VALUES (1006, 3004, just enough, 51);;
INSERT INTO StudentPerformance (StudentID, AssignmentID, TimeManagement, Grade) VALUES (1006, 3004, too much, 89);;
INSERT INTO StudentPerformance (StudentID, AssignmentID, TimeManagement, Grade) VALUES (1006, 3004, too much, 96);;
INSERT INTO StudentPerformance (StudentID, AssignmentID, TimeManagement, Grade) VALUES (1006, 3004, too little, 93);;
INSERT INTO StudentPerformance (StudentID, AssignmentID, TimeManagement, Grade) VALUES (1007, 3000, just enough, 92);;
INSERT INTO StudentPerformance (StudentID, AssignmentID, TimeManagement, Grade) VALUES (1007, 3000, just enough, 87);;
INSERT INTO StudentPerformance (StudentID, AssignmentID, TimeManagement, Grade) VALUES (1007, 3000, too much, 67);;
INSERT INTO StudentPerformance (StudentID, AssignmentID, TimeManagement, Grade) VALUES (1007, 3000, too little, 95);;
INSERT INTO StudentPerformance (StudentID, AssignmentID, TimeManagement, Grade) VALUES (1007, 3001, just enough, 79);;
INSERT INTO StudentPerformance (StudentID, AssignmentID, TimeManagement, Grade) VALUES (1007, 3001, too much, 76);;
INSERT INTO StudentPerformance (StudentID, AssignmentID, TimeManagement, Grade) VALUES (1007, 3001, just enough, 93);;
INSERT INTO StudentPerformance (StudentID, AssignmentID, TimeManagement, Grade) VALUES (1007, 3001, too much, 75);;
INSERT INTO StudentPerformance (StudentID, AssignmentID, TimeManagement, Grade) VALUES (1007, 3002, too much, 81);;
INSERT INTO StudentPerformance (StudentID, AssignmentID, TimeManagement, Grade) VALUES (1007, 3002, just enough, 98);;
INSERT INTO StudentPerformance (StudentID, AssignmentID, TimeManagement, Grade) VALUES (1007, 3002, too little, 72);;
INSERT INTO StudentPerformance (StudentID, AssignmentID, TimeManagement, Grade) VALUES (1007, 3002, too little, 80);;
INSERT INTO StudentPerformance (StudentID, AssignmentID, TimeManagement, Grade) VALUES (1007, 3003, just enough, 63);;
INSERT INTO StudentPerformance (StudentID, AssignmentID, TimeManagement, Grade) VALUES (1007, 3003, too much, 90);;
INSERT INTO StudentPerformance (StudentID, AssignmentID, TimeManagement, Grade) VALUES (1007, 3003, just enough, 91);;
INSERT INTO StudentPerformance (StudentID, AssignmentID, TimeManagement, Grade) VALUES (1007, 3003, too little, 52);;
INSERT INTO StudentPerformance (StudentID, AssignmentID, TimeManagement, Grade) VALUES (1007, 3004, too little, 85);;
INSERT INTO StudentPerformance (StudentID, AssignmentID, TimeManagement, Grade) VALUES (1007, 3004, just enough, 66);;
INSERT INTO StudentPerformance (StudentID, AssignmentID, TimeManagement, Grade) VALUES (1007, 3004, just enough, 54);;
INSERT INTO StudentPerformance (StudentID, AssignmentID, TimeManagement, Grade) VALUES (1007, 3004, too much, 93);;
INSERT INTO StudentPerformance (StudentID, AssignmentID, TimeManagement, Grade) VALUES (1008, 3000, just enough, 94);;
INSERT INTO StudentPerformance (StudentID, AssignmentID, TimeManagement, Grade) VALUES (1008, 3000, too much, 91);;
INSERT INTO StudentPerformance (StudentID, AssignmentID, TimeManagement, Grade) VALUES (1008, 3000, too little, 65);;
INSERT INTO StudentPerformance (StudentID, AssignmentID, TimeManagement, Grade) VALUES (1008, 3000, too little, 85);;
INSERT INTO StudentPerformance (StudentID, AssignmentID, TimeManagement, Grade) VALUES (1008, 3001, just enough, 72);;
INSERT INTO StudentPerformance (StudentID, AssignmentID, TimeManagement, Grade) VALUES (1008, 3001, too much, 71);;
INSERT INTO StudentPerformance (StudentID, AssignmentID, TimeManagement, Grade) VALUES (1008, 3001, too much, 65);;
INSERT INTO StudentPerformance (StudentID, AssignmentID, TimeManagement, Grade) VALUES (1008, 3001, just enough, 56);;
INSERT INTO StudentPerformance (StudentID, AssignmentID, TimeManagement, Grade) VALUES (1008, 3002, too little, 85);;
INSERT INTO StudentPerformance (StudentID, AssignmentID, TimeManagement, Grade) VALUES (1008, 3002, too little, 63);;
INSERT INTO StudentPerformance (StudentID, AssignmentID, TimeManagement, Grade) VALUES (1008, 3002, too much, 80);;
INSERT INTO StudentPerformance (StudentID, AssignmentID, TimeManagement, Grade) VALUES (1008, 3002, too much, 100);;
INSERT INTO StudentPerformance (StudentID, AssignmentID, TimeManagement, Grade) VALUES (1008, 3003, too much, 91);;
INSERT INTO StudentPerformance (StudentID, AssignmentID, TimeManagement, Grade) VALUES (1008, 3003, just enough, 69);;
INSERT INTO StudentPerformance (StudentID, AssignmentID, TimeManagement, Grade) VALUES (1008, 3003, just enough, 52);;
INSERT INTO StudentPerformance (StudentID, AssignmentID, TimeManagement, Grade) VALUES (1008, 3003, too much, 98);;
INSERT INTO StudentPerformance (StudentID, AssignmentID, TimeManagement, Grade) VALUES (1008, 3004, just enough, 50);;
INSERT INTO StudentPerformance (StudentID, AssignmentID, TimeManagement, Grade) VALUES (1008, 3004, too little, 62);;
INSERT INTO StudentPerformance (StudentID, AssignmentID, TimeManagement, Grade) VALUES (1008, 3004, too little, 54);;
INSERT INTO StudentPerformance (StudentID, AssignmentID, TimeManagement, Grade) VALUES (1008, 3004, too much, 83);;
INSERT INTO StudentPerformance (StudentID, AssignmentID, TimeManagement, Grade) VALUES (1009, 3000, just enough, 96);;
INSERT INTO StudentPerformance (StudentID, AssignmentID, TimeManagement, Grade) VALUES (1009, 3000, too little, 59);;
INSERT INTO StudentPerformance (StudentID, AssignmentID, TimeManagement, Grade) VALUES (1009, 3000, too little, 66);;
INSERT INTO StudentPerformance (StudentID, AssignmentID, TimeManagement, Grade) VALUES (1009, 3000, just enough, 80);;
INSERT INTO StudentPerformance (StudentID, AssignmentID, TimeManagement, Grade) VALUES (1009, 3001, too little, 85);;
INSERT INTO StudentPerformance (StudentID, AssignmentID, TimeManagement, Grade) VALUES (1009, 3001, too little, 94);;
INSERT INTO StudentPerformance (StudentID, AssignmentID, TimeManagement, Grade) VALUES (1009, 3001, just enough, 64);;
INSERT INTO StudentPerformance (StudentID, AssignmentID, TimeManagement, Grade) VALUES (1009, 3001, too little, 58);;
INSERT INTO StudentPerformance (StudentID, AssignmentID, TimeManagement, Grade) VALUES (1009, 3002, just enough, 57);;
INSERT INTO StudentPerformance (StudentID, AssignmentID, TimeManagement, Grade) VALUES (1009, 3002, too little, 77);;
INSERT INTO StudentPerformance (StudentID, AssignmentID, TimeManagement, Grade) VALUES (1009, 3002, too little, 100);;
INSERT INTO StudentPerformance (StudentID, AssignmentID, TimeManagement, Grade) VALUES (1009, 3002, too little, 73);;
INSERT INTO StudentPerformance (StudentID, AssignmentID, TimeManagement, Grade) VALUES (1009, 3003, too much, 81);;
INSERT INTO StudentPerformance (StudentID, AssignmentID, TimeManagement, Grade) VALUES (1009, 3003, just enough, 50);;
INSERT INTO StudentPerformance (StudentID, AssignmentID, TimeManagement, Grade) VALUES (1009, 3003, just enough, 72);;
INSERT INTO StudentPerformance (StudentID, AssignmentID, TimeManagement, Grade) VALUES (1009, 3003, too little, 92);;
INSERT INTO StudentPerformance (StudentID, AssignmentID, TimeManagement, Grade) VALUES (1009, 3004, just enough, 53);;
INSERT INTO StudentPerformance (StudentID, AssignmentID, TimeManagement, Grade) VALUES (1009, 3004, too much, 86);;
INSERT INTO StudentPerformance (StudentID, AssignmentID, TimeManagement, Grade) VALUES (1009, 3004, just enough, 73);;
INSERT INTO StudentPerformance (StudentID, AssignmentID, TimeManagement, Grade) VALUES (1009, 3004, too much, 75);;

